<?xml version="1.0" encoding="utf-8"?>
<ResourceHistory xmlns:xsi="http://www.w3.org/2001/XMLSchema-instance" xmlns:xsd="http://www.w3.org/2001/XMLSchema">
  <StationName>PB01F1T06-BT005A</StationName>
  <RecipeDatas>
    <RecipeData>
      <Barcode>0085529134</Barcode>
      <RecipeName>NS_BRD_4G</RecipeName>
      <MemoryCaptures>
        <MemoryCapture>
          <Tag>EntryHandler</Tag>
          <Memory>259678208</Memory>
        </MemoryCapture>
        <MemoryCapture>
          <Tag>exithandler</Tag>
          <Memory>456200192</Memory>
        </MemoryCapture>
      </MemoryCaptures>
    </RecipeData>
    <RecipeData>
      <Barcode>0085528749</Barcode>
      <RecipeName>NS_BRD_4G</RecipeName>
      <MemoryCaptures>
        <MemoryCapture>
          <Tag>EntryHandler</Tag>
          <Memory>454508544</Memory>
        </MemoryCapture>
        <MemoryCapture>
          <Tag>exithandler</Tag>
          <Memory>497446912</Memory>
        </MemoryCapture>
      </MemoryCaptures>
    </RecipeData>
    <RecipeData>
      <Barcode>0085528944</Barcode>
      <RecipeName>NS_BRD_4G</RecipeName>
      <MemoryCaptures>
        <MemoryCapture>
          <Tag>EntryHandler</Tag>
          <Memory>493735936</Memory>
        </MemoryCapture>
        <MemoryCapture>
          <Tag>exithandler</Tag>
          <Memory>503181312</Memory>
        </MemoryCapture>
      </MemoryCaptures>
    </RecipeData>
    <RecipeData>
      <Barcode>0085529977</Barcode>
      <RecipeName>NS_BRD_4G</RecipeName>
      <MemoryCaptures>
        <MemoryCapture>
          <Tag>EntryHandler</Tag>
          <Memory>499875840</Memory>
        </MemoryCapture>
        <MemoryCapture>
          <Tag>exithandler</Tag>
          <Memory>599048192</Memory>
        </MemoryCapture>
      </MemoryCaptures>
    </RecipeData>
    <RecipeData>
      <Barcode>0085530045</Barcode>
      <RecipeName>NS_BRD_4G</RecipeName>
      <MemoryCaptures>
        <MemoryCapture>
          <Tag>EntryHandler</Tag>
          <Memory>596426752</Memory>
        </MemoryCapture>
        <MemoryCapture>
          <Tag>exithandler</Tag>
          <Memory>599072768</Memory>
        </MemoryCapture>
      </MemoryCaptures>
    </RecipeData>
    <RecipeData>
      <Barcode>0085529319</Barcode>
      <RecipeName>NS_BRD_4G</RecipeName>
      <MemoryCaptures>
        <MemoryCapture>
          <Tag>EntryHandler</Tag>
          <Memory>595918848</Memory>
        </MemoryCapture>
        <MemoryCapture>
          <Tag>exithandler</Tag>
          <Memory>509411328</Memory>
        </MemoryCapture>
      </MemoryCaptures>
    </RecipeData>
    <RecipeData>
      <Barcode>0085530199</Barcode>
      <RecipeName>NS_BRD_4G</RecipeName>
      <MemoryCaptures>
        <MemoryCapture>
          <Tag>EntryHandler</Tag>
          <Memory>507592704</Memory>
        </MemoryCapture>
        <MemoryCapture>
          <Tag>exithandler</Tag>
          <Memory>600850432</Memory>
        </MemoryCapture>
      </MemoryCaptures>
    </RecipeData>
    <RecipeData>
      <Barcode>0085530125</Barcode>
      <RecipeName>NS_BRD_4G</RecipeName>
      <MemoryCaptures>
        <MemoryCapture>
          <Tag>EntryHandler</Tag>
          <Memory>597544960</Memory>
        </MemoryCapture>
        <MemoryCapture>
          <Tag>exithandler</Tag>
          <Memory>597962752</Memory>
        </MemoryCapture>
      </MemoryCaptures>
    </RecipeData>
    <RecipeData>
      <Barcode>0085530101</Barcode>
      <RecipeName>NS_BRD_4G</RecipeName>
      <MemoryCaptures>
        <MemoryCapture>
          <Tag>EntryHandler</Tag>
          <Memory>594735104</Memory>
        </MemoryCapture>
        <MemoryCapture>
          <Tag>exithandler</Tag>
          <Memory>624697344</Memory>
        </MemoryCapture>
      </MemoryCaptures>
    </RecipeData>
    <RecipeData>
      <Barcode>0085530170</Barcode>
      <RecipeName>NS_BRD_4G</RecipeName>
      <MemoryCaptures>
        <MemoryCapture>
          <Tag>EntryHandler</Tag>
          <Memory>624271360</Memory>
        </MemoryCapture>
        <MemoryCapture>
          <Tag>exithandler</Tag>
          <Memory>599785472</Memory>
        </MemoryCapture>
      </MemoryCaptures>
    </RecipeData>
    <RecipeData>
      <Barcode>0085529154</Barcode>
      <RecipeName>NS_BRD_4G</RecipeName>
      <MemoryCaptures>
        <MemoryCapture>
          <Tag>EntryHandler</Tag>
          <Memory>596131840</Memory>
        </MemoryCapture>
        <MemoryCapture>
          <Tag>exithandler</Tag>
          <Memory>508088320</Memory>
        </MemoryCapture>
      </MemoryCaptures>
    </RecipeData>
    <RecipeData>
      <Barcode>0085529887</Barcode>
      <RecipeName>NS_BRD_4G</RecipeName>
      <MemoryCaptures>
        <MemoryCapture>
          <Tag>EntryHandler</Tag>
          <Memory>504856576</Memory>
        </MemoryCapture>
        <MemoryCapture>
          <Tag>exithandler</Tag>
          <Memory>597929984</Memory>
        </MemoryCapture>
      </MemoryCaptures>
    </RecipeData>
    <RecipeData>
      <Barcode>0085530367</Barcode>
      <RecipeName>NS_BRD_4G</RecipeName>
      <MemoryCaptures>
        <MemoryCapture>
          <Tag>EntryHandler</Tag>
          <Memory>594956288</Memory>
        </MemoryCapture>
        <MemoryCapture>
          <Tag>exithandler</Tag>
          <Memory>600707072</Memory>
        </MemoryCapture>
      </MemoryCaptures>
    </RecipeData>
    <RecipeData>
      <Barcode>0085415395</Barcode>
      <RecipeName>NS_BRD_4G</RecipeName>
      <MemoryCaptures>
        <MemoryCapture>
          <Tag>EntryHandler</Tag>
          <Memory>590352384</Memory>
        </MemoryCapture>
        <MemoryCapture>
          <Tag>exithandler</Tag>
          <Memory>600481792</Memory>
        </MemoryCapture>
      </MemoryCaptures>
    </RecipeData>
    <RecipeData>
      <Barcode>0085531533</Barcode>
      <RecipeName>NS_BRD_4G</RecipeName>
      <MemoryCaptures>
        <MemoryCapture>
          <Tag>EntryHandler</Tag>
          <Memory>590569472</Memory>
        </MemoryCapture>
        <MemoryCapture>
          <Tag>exithandler</Tag>
          <Memory>601645056</Memory>
        </MemoryCapture>
      </MemoryCaptures>
    </RecipeData>
    <RecipeData>
      <Barcode>0085530922</Barcode>
      <RecipeName>NS_BRD_4G</RecipeName>
      <MemoryCaptures>
        <MemoryCapture>
          <Tag>EntryHandler</Tag>
          <Memory>598261760</Memory>
        </MemoryCapture>
        <MemoryCapture>
          <Tag>exithandler</Tag>
          <Memory>595558400</Memory>
        </MemoryCapture>
      </MemoryCaptures>
    </RecipeData>
    <RecipeData>
      <Barcode>0085530286</Barcode>
      <RecipeName>NS_BRD_4G</RecipeName>
      <MemoryCaptures>
        <MemoryCapture>
          <Tag>EntryHandler</Tag>
          <Memory>593743872</Memory>
        </MemoryCapture>
        <MemoryCapture>
          <Tag>exithandler</Tag>
          <Memory>601239552</Memory>
        </MemoryCapture>
      </MemoryCaptures>
    </RecipeData>
    <RecipeData>
      <Barcode>0085531662</Barcode>
      <RecipeName>NS_BRD_4G</RecipeName>
      <MemoryCaptures>
        <MemoryCapture>
          <Tag>EntryHandler</Tag>
          <Memory>600739840</Memory>
        </MemoryCapture>
        <MemoryCapture>
          <Tag>exithandler</Tag>
          <Memory>597438464</Memory>
        </MemoryCapture>
      </MemoryCaptures>
    </RecipeData>
    <RecipeData>
      <Barcode>0085531089</Barcode>
      <RecipeName>NS_BRD_4G</RecipeName>
      <MemoryCaptures>
        <MemoryCapture>
          <Tag>EntryHandler</Tag>
          <Memory>595517440</Memory>
        </MemoryCapture>
        <MemoryCapture>
          <Tag>exithandler</Tag>
          <Memory>598609920</Memory>
        </MemoryCapture>
      </MemoryCaptures>
    </RecipeData>
    <RecipeData>
      <Barcode>0085530905</Barcode>
      <RecipeName>NS_BRD_4G</RecipeName>
      <MemoryCaptures>
        <MemoryCapture>
          <Tag>EntryHandler</Tag>
          <Memory>597745664</Memory>
        </MemoryCapture>
        <MemoryCapture>
          <Tag>exithandler</Tag>
          <Memory>507940864</Memory>
        </MemoryCapture>
      </MemoryCaptures>
    </RecipeData>
    <RecipeData>
      <Barcode>0085530955</Barcode>
      <RecipeName>NS_BRD_4G</RecipeName>
      <MemoryCaptures>
        <MemoryCapture>
          <Tag>EntryHandler</Tag>
          <Memory>505860096</Memory>
        </MemoryCapture>
        <MemoryCapture>
          <Tag>exithandler</Tag>
          <Memory>601960448</Memory>
        </MemoryCapture>
      </MemoryCaptures>
    </RecipeData>
    <RecipeData>
      <Barcode>0085531787</Barcode>
      <RecipeName>NS_BRD_4G</RecipeName>
      <MemoryCaptures>
        <MemoryCapture>
          <Tag>EntryHandler</Tag>
          <Memory>600035328</Memory>
        </MemoryCapture>
        <MemoryCapture>
          <Tag>exithandler</Tag>
          <Memory>596443136</Memory>
        </MemoryCapture>
      </MemoryCaptures>
    </RecipeData>
    <RecipeData>
      <Barcode>0085533269</Barcode>
      <RecipeName>NS_BRD_4G</RecipeName>
      <MemoryCaptures>
        <MemoryCapture>
          <Tag>EntryHandler</Tag>
          <Memory>594542592</Memory>
        </MemoryCapture>
        <MemoryCapture>
          <Tag>exithandler</Tag>
          <Memory>604082176</Memory>
        </MemoryCapture>
      </MemoryCaptures>
    </RecipeData>
    <RecipeData>
      <Barcode>0085532687</Barcode>
      <RecipeName>NS_BRD_4G</RecipeName>
      <MemoryCaptures>
        <MemoryCapture>
          <Tag>EntryHandler</Tag>
          <Memory>603189248</Memory>
        </MemoryCapture>
        <MemoryCapture>
          <Tag>exithandler</Tag>
          <Memory>506830848</Memory>
        </MemoryCapture>
      </MemoryCaptures>
    </RecipeData>
    <RecipeData>
      <Barcode>0085532734</Barcode>
      <RecipeName>NS_BRD_4G</RecipeName>
      <MemoryCaptures>
        <MemoryCapture>
          <Tag>EntryHandler</Tag>
          <Memory>504745984</Memory>
        </MemoryCapture>
        <MemoryCapture>
          <Tag>exithandler</Tag>
          <Memory>603746304</Memory>
        </MemoryCapture>
      </MemoryCaptures>
    </RecipeData>
    <RecipeData>
      <Barcode>0085533463</Barcode>
      <RecipeName>NS_BRD_4G</RecipeName>
      <MemoryCaptures>
        <MemoryCapture>
          <Tag>EntryHandler</Tag>
          <Memory>601620480</Memory>
        </MemoryCapture>
        <MemoryCapture>
          <Tag>exithandler</Tag>
          <Memory>592924672</Memory>
        </MemoryCapture>
      </MemoryCaptures>
    </RecipeData>
    <RecipeData>
      <Barcode>0085531618</Barcode>
      <RecipeName>NS_BRD_4G</RecipeName>
      <MemoryCaptures>
        <MemoryCapture>
          <Tag>EntryHandler</Tag>
          <Memory>590921728</Memory>
        </MemoryCapture>
        <MemoryCapture>
          <Tag>exithandler</Tag>
          <Memory>600416256</Memory>
        </MemoryCapture>
      </MemoryCaptures>
    </RecipeData>
    <RecipeData>
      <Barcode>0085530803</Barcode>
      <RecipeName>NS_BRD_4G</RecipeName>
      <MemoryCaptures>
        <MemoryCapture>
          <Tag>EntryHandler</Tag>
          <Memory>599982080</Memory>
        </MemoryCapture>
        <MemoryCapture>
          <Tag>exithandler</Tag>
          <Memory>601272320</Memory>
        </MemoryCapture>
      </MemoryCaptures>
    </RecipeData>
    <RecipeData>
      <Barcode>0085533795</Barcode>
      <RecipeName>NS_BRD_4G</RecipeName>
      <MemoryCaptures>
        <MemoryCapture>
          <Tag>EntryHandler</Tag>
          <Memory>600772608</Memory>
        </MemoryCapture>
        <MemoryCapture>
          <Tag>exithandler</Tag>
          <Memory>601894912</Memory>
        </MemoryCapture>
      </MemoryCaptures>
    </RecipeData>
    <RecipeData>
      <Barcode>0085533489</Barcode>
      <RecipeName>NS_BRD_4G</RecipeName>
      <MemoryCaptures>
        <MemoryCapture>
          <Tag>EntryHandler</Tag>
          <Memory>601309184</Memory>
        </MemoryCapture>
        <MemoryCapture>
          <Tag>exithandler</Tag>
          <Memory>604655616</Memory>
        </MemoryCapture>
      </MemoryCaptures>
    </RecipeData>
    <RecipeData>
      <Barcode>0085533644</Barcode>
      <RecipeName>NS_BRD_4G</RecipeName>
      <MemoryCaptures>
        <MemoryCapture>
          <Tag>EntryHandler</Tag>
          <Memory>602759168</Memory>
        </MemoryCapture>
        <MemoryCapture>
          <Tag>exithandler</Tag>
          <Memory>603103232</Memory>
        </MemoryCapture>
      </MemoryCaptures>
    </RecipeData>
    <RecipeData>
      <Barcode>0085534179</Barcode>
      <RecipeName>NS_BRD_4G</RecipeName>
      <MemoryCaptures>
        <MemoryCapture>
          <Tag>EntryHandler</Tag>
          <Memory>601214976</Memory>
        </MemoryCapture>
        <MemoryCapture>
          <Tag>exithandler</Tag>
          <Memory>604405760</Memory>
        </MemoryCapture>
      </MemoryCaptures>
    </RecipeData>
    <RecipeData>
      <Barcode>0085533869</Barcode>
      <RecipeName>NS_BRD_4G</RecipeName>
      <MemoryCaptures>
        <MemoryCapture>
          <Tag>EntryHandler</Tag>
          <Memory>603721728</Memory>
        </MemoryCapture>
        <MemoryCapture>
          <Tag>exithandler</Tag>
          <Memory>504553472</Memory>
        </MemoryCapture>
      </MemoryCaptures>
    </RecipeData>
    <RecipeData>
      <Barcode>0085533675</Barcode>
      <RecipeName>NS_BRD_4G</RecipeName>
      <MemoryCaptures>
        <MemoryCapture>
          <Tag>EntryHandler</Tag>
          <Memory>503676928</Memory>
        </MemoryCapture>
        <MemoryCapture>
          <Tag>exithandler</Tag>
          <Memory>600489984</Memory>
        </MemoryCapture>
      </MemoryCaptures>
    </RecipeData>
    <RecipeData>
      <Barcode>0085534264</Barcode>
      <RecipeName>NS_BRD_4G</RecipeName>
      <MemoryCaptures>
        <MemoryCapture>
          <Tag>EntryHandler</Tag>
          <Memory>598474752</Memory>
        </MemoryCapture>
        <MemoryCapture>
          <Tag>exithandler</Tag>
          <Memory>605863936</Memory>
        </MemoryCapture>
      </MemoryCaptures>
    </RecipeData>
    <RecipeData>
      <Barcode>0085534514</Barcode>
      <RecipeName>NS_BRD_4G</RecipeName>
      <MemoryCaptures>
        <MemoryCapture>
          <Tag>EntryHandler</Tag>
          <Memory>603971584</Memory>
        </MemoryCapture>
        <MemoryCapture>
          <Tag>exithandler</Tag>
          <Memory>597020672</Memory>
        </MemoryCapture>
      </MemoryCaptures>
    </RecipeData>
    <RecipeData>
      <Barcode>0085534617</Barcode>
      <RecipeName>NS_BRD_4G</RecipeName>
      <MemoryCaptures>
        <MemoryCapture>
          <Tag>EntryHandler</Tag>
          <Memory>596586496</Memory>
        </MemoryCapture>
        <MemoryCapture>
          <Tag>exithandler</Tag>
          <Memory>591855616</Memory>
        </MemoryCapture>
      </MemoryCaptures>
    </RecipeData>
    <RecipeData>
      <Barcode>0085534597</Barcode>
      <RecipeName>NS_BRD_4G</RecipeName>
      <MemoryCaptures>
        <MemoryCapture>
          <Tag>EntryHandler</Tag>
          <Memory>591360000</Memory>
        </MemoryCapture>
        <MemoryCapture>
          <Tag>exithandler</Tag>
          <Memory>599605248</Memory>
        </MemoryCapture>
      </MemoryCaptures>
    </RecipeData>
    <RecipeData>
      <Barcode>0085534897</Barcode>
      <RecipeName>NS_BRD_4G</RecipeName>
      <MemoryCaptures>
        <MemoryCapture>
          <Tag>EntryHandler</Tag>
          <Memory>598888448</Memory>
        </MemoryCapture>
        <MemoryCapture>
          <Tag>exithandler</Tag>
          <Memory>604450816</Memory>
        </MemoryCapture>
      </MemoryCaptures>
    </RecipeData>
    <RecipeData>
      <Barcode>0085534938</Barcode>
      <RecipeName>NS_BRD_4G</RecipeName>
      <MemoryCaptures>
        <MemoryCapture>
          <Tag>EntryHandler</Tag>
          <Memory>602132480</Memory>
        </MemoryCapture>
        <MemoryCapture>
          <Tag>exithandler</Tag>
          <Memory>606638080</Memory>
        </MemoryCapture>
      </MemoryCaptures>
    </RecipeData>
    <RecipeData>
      <Barcode>0085532003</Barcode>
      <RecipeName>NS_BRD_4G</RecipeName>
      <MemoryCaptures>
        <MemoryCapture>
          <Tag>EntryHandler</Tag>
          <Memory>604602368</Memory>
        </MemoryCapture>
        <MemoryCapture>
          <Tag>exithandler</Tag>
          <Memory>606875648</Memory>
        </MemoryCapture>
      </MemoryCaptures>
    </RecipeData>
    <RecipeData>
      <Barcode>0085515644</Barcode>
      <RecipeName>NS_BRD_4G</RecipeName>
      <MemoryCaptures>
        <MemoryCapture>
          <Tag>EntryHandler</Tag>
          <Memory>598966272</Memory>
        </MemoryCapture>
        <MemoryCapture>
          <Tag>exithandler</Tag>
          <Memory>605810688</Memory>
        </MemoryCapture>
        <MemoryCapture>
          <Tag>exithandler</Tag>
          <Memory>603058176</Memory>
        </MemoryCapture>
      </MemoryCaptures>
    </RecipeData>
    <RecipeData>
      <Barcode>0085535238</Barcode>
      <RecipeName>NS_BRD_4G</RecipeName>
      <MemoryCaptures>
        <MemoryCapture>
          <Tag>EntryHandler</Tag>
          <Memory>626491392</Memory>
        </MemoryCapture>
        <MemoryCapture>
          <Tag>exithandler</Tag>
          <Memory>508149760</Memory>
        </MemoryCapture>
      </MemoryCaptures>
    </RecipeData>
    <RecipeData>
      <Barcode>0085535346</Barcode>
      <RecipeName>NS_BRD_4G</RecipeName>
      <MemoryCaptures>
        <MemoryCapture>
          <Tag>EntryHandler</Tag>
          <Memory>507580416</Memory>
        </MemoryCapture>
        <MemoryCapture>
          <Tag>exithandler</Tag>
          <Memory>600977408</Memory>
        </MemoryCapture>
      </MemoryCaptures>
    </RecipeData>
    <RecipeData>
      <Barcode>0085535339</Barcode>
      <RecipeName>NS_BRD_4G</RecipeName>
      <MemoryCaptures>
        <MemoryCapture>
          <Tag>EntryHandler</Tag>
          <Memory>600424448</Memory>
        </MemoryCapture>
        <MemoryCapture>
          <Tag>exithandler</Tag>
          <Memory>604459008</Memory>
        </MemoryCapture>
      </MemoryCaptures>
    </RecipeData>
    <RecipeData>
      <Barcode>0085535931</Barcode>
      <RecipeName>NS_BRD_4G</RecipeName>
      <MemoryCaptures>
        <MemoryCapture>
          <Tag>EntryHandler</Tag>
          <Memory>602484736</Memory>
        </MemoryCapture>
        <MemoryCapture>
          <Tag>exithandler</Tag>
          <Memory>596893696</Memory>
        </MemoryCapture>
      </MemoryCaptures>
    </RecipeData>
    <RecipeData>
      <Barcode>0085536228</Barcode>
      <RecipeName>NS_BRD_4G</RecipeName>
      <MemoryCaptures>
        <MemoryCapture>
          <Tag>EntryHandler</Tag>
          <Memory>595181568</Memory>
        </MemoryCapture>
        <MemoryCapture>
          <Tag>exithandler</Tag>
          <Memory>604258304</Memory>
        </MemoryCapture>
      </MemoryCaptures>
    </RecipeData>
    <RecipeData>
      <Barcode>0085535968</Barcode>
      <RecipeName>NS_BRD_4G</RecipeName>
      <MemoryCaptures>
        <MemoryCapture>
          <Tag>EntryHandler</Tag>
          <Memory>602234880</Memory>
        </MemoryCapture>
        <MemoryCapture>
          <Tag>exithandler</Tag>
          <Memory>505774080</Memory>
        </MemoryCapture>
      </MemoryCaptures>
    </RecipeData>
    <RecipeData>
      <Barcode>0085535597</Barcode>
      <RecipeName>NS_BRD_4G</RecipeName>
      <MemoryCaptures>
        <MemoryCapture>
          <Tag>EntryHandler</Tag>
          <Memory>503861248</Memory>
        </MemoryCapture>
        <MemoryCapture>
          <Tag>exithandler</Tag>
          <Memory>601309184</Memory>
        </MemoryCapture>
      </MemoryCaptures>
    </RecipeData>
    <RecipeData>
      <Barcode>0085536302</Barcode>
      <RecipeName>NS_BRD_4G</RecipeName>
      <MemoryCaptures>
        <MemoryCapture>
          <Tag>EntryHandler</Tag>
          <Memory>599678976</Memory>
        </MemoryCapture>
        <MemoryCapture>
          <Tag>exithandler</Tag>
          <Memory>604454912</Memory>
        </MemoryCapture>
      </MemoryCaptures>
    </RecipeData>
    <RecipeData>
      <Barcode>0085536465</Barcode>
      <RecipeName>NS_BRD_4G</RecipeName>
      <MemoryCaptures>
        <MemoryCapture>
          <Tag>EntryHandler</Tag>
          <Memory>596209664</Memory>
        </MemoryCapture>
        <MemoryCapture>
          <Tag>exithandler</Tag>
          <Memory>603443200</Memory>
        </MemoryCapture>
      </MemoryCaptures>
    </RecipeData>
    <RecipeData>
      <Barcode>0085536638</Barcode>
      <RecipeName>NS_BRD_4G</RecipeName>
      <MemoryCaptures>
        <MemoryCapture>
          <Tag>EntryHandler</Tag>
          <Memory>602333184</Memory>
        </MemoryCapture>
        <MemoryCapture>
          <Tag>exithandler</Tag>
          <Memory>598671360</Memory>
        </MemoryCapture>
      </MemoryCaptures>
    </RecipeData>
    <RecipeData>
      <Barcode>0085536827</Barcode>
      <RecipeName>NS_BRD_4G</RecipeName>
      <MemoryCaptures>
        <MemoryCapture>
          <Tag>EntryHandler</Tag>
          <Memory>598085632</Memory>
        </MemoryCapture>
        <MemoryCapture>
          <Tag>exithandler</Tag>
          <Memory>605429760</Memory>
        </MemoryCapture>
      </MemoryCaptures>
    </RecipeData>
    <RecipeData>
      <Barcode>0085536888</Barcode>
      <RecipeName>NS_BRD_4G</RecipeName>
      <MemoryCaptures>
        <MemoryCapture>
          <Tag>EntryHandler</Tag>
          <Memory>604573696</Memory>
        </MemoryCapture>
        <MemoryCapture>
          <Tag>exithandler</Tag>
          <Memory>605110272</Memory>
        </MemoryCapture>
      </MemoryCaptures>
    </RecipeData>
    <RecipeData>
      <Barcode>0085537203</Barcode>
      <RecipeName>NS_BRD_4G</RecipeName>
      <MemoryCaptures>
        <MemoryCapture>
          <Tag>EntryHandler</Tag>
          <Memory>604520448</Memory>
        </MemoryCapture>
        <MemoryCapture>
          <Tag>exithandler</Tag>
          <Memory>605982720</Memory>
        </MemoryCapture>
      </MemoryCaptures>
    </RecipeData>
    <RecipeData>
      <Barcode>0085537352</Barcode>
      <RecipeName>NS_BRD_4G</RecipeName>
      <MemoryCaptures>
        <MemoryCapture>
          <Tag>EntryHandler</Tag>
          <Memory>604114944</Memory>
        </MemoryCapture>
        <MemoryCapture>
          <Tag>exithandler</Tag>
          <Memory>606310400</Memory>
        </MemoryCapture>
      </MemoryCaptures>
    </RecipeData>
    <RecipeData>
      <Barcode>0085536857</Barcode>
      <RecipeName>NS_BRD_4G</RecipeName>
      <MemoryCaptures>
        <MemoryCapture>
          <Tag>EntryHandler</Tag>
          <Memory>604372992</Memory>
        </MemoryCapture>
        <MemoryCapture>
          <Tag>exithandler</Tag>
          <Memory>605790208</Memory>
        </MemoryCapture>
      </MemoryCaptures>
    </RecipeData>
    <RecipeData>
      <Barcode>0085537439</Barcode>
      <RecipeName>NS_BRD_4G</RecipeName>
      <MemoryCaptures>
        <MemoryCapture>
          <Tag>EntryHandler</Tag>
          <Memory>603574272</Memory>
        </MemoryCapture>
        <MemoryCapture>
          <Tag>exithandler</Tag>
          <Memory>594575360</Memory>
        </MemoryCapture>
      </MemoryCaptures>
    </RecipeData>
    <RecipeData>
      <Barcode>0085537610</Barcode>
      <RecipeName>NS_BRD_4G</RecipeName>
      <MemoryCaptures>
        <MemoryCapture>
          <Tag>EntryHandler</Tag>
          <Memory>592535552</Memory>
        </MemoryCapture>
        <MemoryCapture>
          <Tag>exithandler</Tag>
          <Memory>603136000</Memory>
        </MemoryCapture>
      </MemoryCaptures>
    </RecipeData>
    <RecipeData>
      <Barcode>0085537465</Barcode>
      <RecipeName>NS_BRD_4G</RecipeName>
      <MemoryCaptures>
        <MemoryCapture>
          <Tag>EntryHandler</Tag>
          <Memory>600928256</Memory>
        </MemoryCapture>
        <MemoryCapture>
          <Tag>exithandler</Tag>
          <Memory>629391360</Memory>
        </MemoryCapture>
      </MemoryCaptures>
    </RecipeData>
    <RecipeData>
      <Barcode>0085537699</Barcode>
      <RecipeName>NS_BRD_4G</RecipeName>
      <MemoryCaptures>
        <MemoryCapture>
          <Tag>EntryHandler</Tag>
          <Memory>628502528</Memory>
        </MemoryCapture>
        <MemoryCapture>
          <Tag>exithandler</Tag>
          <Memory>602468352</Memory>
        </MemoryCapture>
      </MemoryCaptures>
    </RecipeData>
    <RecipeData>
      <Barcode>0085537557</Barcode>
      <RecipeName>NS_BRD_4G</RecipeName>
      <MemoryCaptures>
        <MemoryCapture>
          <Tag>EntryHandler</Tag>
          <Memory>601944064</Memory>
        </MemoryCapture>
        <MemoryCapture>
          <Tag>exithandler</Tag>
          <Memory>510828544</Memory>
        </MemoryCapture>
      </MemoryCaptures>
    </RecipeData>
    <RecipeData>
      <Barcode>0085538074</Barcode>
      <RecipeName>NS_BRD_4G</RecipeName>
      <MemoryCaptures>
        <MemoryCapture>
          <Tag>EntryHandler</Tag>
          <Memory>509870080</Memory>
        </MemoryCapture>
        <MemoryCapture>
          <Tag>exithandler</Tag>
          <Memory>607518720</Memory>
        </MemoryCapture>
      </MemoryCaptures>
    </RecipeData>
    <RecipeData>
      <Barcode>0085537465</Barcode>
      <RecipeName>NS_BRD_4G</RecipeName>
      <MemoryCaptures>
        <MemoryCapture>
          <Tag>EntryHandler</Tag>
          <Memory>605548544</Memory>
        </MemoryCapture>
        <MemoryCapture>
          <Tag>exithandler</Tag>
          <Memory>603860992</Memory>
        </MemoryCapture>
      </MemoryCaptures>
    </RecipeData>
    <RecipeData>
      <Barcode>0085538209</Barcode>
      <RecipeName>NS_BRD_4G</RecipeName>
      <MemoryCaptures>
        <MemoryCapture>
          <Tag>EntryHandler</Tag>
          <Memory>601051136</Memory>
        </MemoryCapture>
        <MemoryCapture>
          <Tag>exithandler</Tag>
          <Memory>606236672</Memory>
        </MemoryCapture>
      </MemoryCaptures>
    </RecipeData>
    <RecipeData>
      <Barcode>0085538787</Barcode>
      <RecipeName>NS_BRD_4G</RecipeName>
      <MemoryCaptures>
        <MemoryCapture>
          <Tag>EntryHandler</Tag>
          <Memory>597282816</Memory>
        </MemoryCapture>
        <MemoryCapture>
          <Tag>exithandler</Tag>
          <Memory>604651520</Memory>
        </MemoryCapture>
      </MemoryCaptures>
    </RecipeData>
    <RecipeData>
      <Barcode>0085523293</Barcode>
      <RecipeName>NS_BRD_4G</RecipeName>
      <MemoryCaptures>
        <MemoryCapture>
          <Tag>EntryHandler</Tag>
          <Memory>595861504</Memory>
        </MemoryCapture>
        <MemoryCapture>
          <Tag>exithandler</Tag>
          <Memory>594423808</Memory>
        </MemoryCapture>
      </MemoryCaptures>
    </RecipeData>
    <RecipeData>
      <Barcode>0085538885</Barcode>
      <RecipeName>NS_BRD_4G</RecipeName>
      <MemoryCaptures>
        <MemoryCapture>
          <Tag>EntryHandler</Tag>
          <Memory>593129472</Memory>
        </MemoryCapture>
        <MemoryCapture>
          <Tag>exithandler</Tag>
          <Memory>608161792</Memory>
        </MemoryCapture>
      </MemoryCaptures>
    </RecipeData>
    <RecipeData>
      <Barcode>0085538499</Barcode>
      <RecipeName>NS_BRD_4G</RecipeName>
      <MemoryCaptures>
        <MemoryCapture>
          <Tag>EntryHandler</Tag>
          <Memory>606269440</Memory>
        </MemoryCapture>
        <MemoryCapture>
          <Tag>exithandler</Tag>
          <Memory>608645120</Memory>
        </MemoryCapture>
      </MemoryCaptures>
    </RecipeData>
    <RecipeData>
      <Barcode>0085538548</Barcode>
      <RecipeName>NS_BRD_4G</RecipeName>
      <MemoryCaptures>
        <MemoryCapture>
          <Tag>EntryHandler</Tag>
          <Memory>607809536</Memory>
        </MemoryCapture>
        <MemoryCapture>
          <Tag>exithandler</Tag>
          <Memory>608137216</Memory>
        </MemoryCapture>
      </MemoryCaptures>
    </RecipeData>
    <RecipeData>
      <Barcode>0085539046</Barcode>
      <RecipeName>NS_BRD_4G</RecipeName>
      <MemoryCaptures>
        <MemoryCapture>
          <Tag>EntryHandler</Tag>
          <Memory>607105024</Memory>
        </MemoryCapture>
        <MemoryCapture>
          <Tag>exithandler</Tag>
          <Memory>609165312</Memory>
        </MemoryCapture>
      </MemoryCaptures>
    </RecipeData>
    <RecipeData>
      <Barcode>0085539193</Barcode>
      <RecipeName>NS_BRD_4G</RecipeName>
      <MemoryCaptures>
        <MemoryCapture>
          <Tag>EntryHandler</Tag>
          <Memory>607248384</Memory>
        </MemoryCapture>
        <MemoryCapture>
          <Tag>exithandler</Tag>
          <Memory>606998528</Memory>
        </MemoryCapture>
      </MemoryCaptures>
    </RecipeData>
    <RecipeData>
      <Barcode>0085539233</Barcode>
      <RecipeName>NS_BRD_4G</RecipeName>
      <MemoryCaptures>
        <MemoryCapture>
          <Tag>EntryHandler</Tag>
          <Memory>606408704</Memory>
        </MemoryCapture>
        <MemoryCapture>
          <Tag>exithandler</Tag>
          <Memory>610762752</Memory>
        </MemoryCapture>
      </MemoryCaptures>
    </RecipeData>
    <RecipeData>
      <Barcode>0085539937</Barcode>
      <RecipeName>NS_BRD_4G</RecipeName>
      <MemoryCaptures>
        <MemoryCapture>
          <Tag>EntryHandler</Tag>
          <Memory>601108480</Memory>
        </MemoryCapture>
        <MemoryCapture>
          <Tag>exithandler</Tag>
          <Memory>609501184</Memory>
        </MemoryCapture>
      </MemoryCaptures>
    </RecipeData>
    <RecipeData>
      <Barcode>0085539974</Barcode>
      <RecipeName>NS_BRD_4G</RecipeName>
      <MemoryCaptures>
        <MemoryCapture>
          <Tag>EntryHandler</Tag>
          <Memory>607604736</Memory>
        </MemoryCapture>
        <MemoryCapture>
          <Tag>exithandler</Tag>
          <Memory>607666176</Memory>
        </MemoryCapture>
      </MemoryCaptures>
    </RecipeData>
    <RecipeData>
      <Barcode>0085539948</Barcode>
      <RecipeName>NS_BRD_4G</RecipeName>
      <MemoryCaptures>
        <MemoryCapture>
          <Tag>EntryHandler</Tag>
          <Memory>605720576</Memory>
        </MemoryCapture>
        <MemoryCapture>
          <Tag>exithandler</Tag>
          <Memory>607752192</Memory>
        </MemoryCapture>
      </MemoryCaptures>
    </RecipeData>
    <RecipeData>
      <Barcode>0085539976</Barcode>
      <RecipeName>NS_BRD_4G</RecipeName>
      <MemoryCaptures>
        <MemoryCapture>
          <Tag>EntryHandler</Tag>
          <Memory>605605888</Memory>
        </MemoryCapture>
        <MemoryCapture>
          <Tag>exithandler</Tag>
          <Memory>597762048</Memory>
        </MemoryCapture>
      </MemoryCaptures>
    </RecipeData>
    <RecipeData>
      <Barcode>0085540248</Barcode>
      <RecipeName>NS_BRD_4G</RecipeName>
      <MemoryCaptures>
        <MemoryCapture>
          <Tag>EntryHandler</Tag>
          <Memory>595959808</Memory>
        </MemoryCapture>
        <MemoryCapture>
          <Tag>exithandler</Tag>
          <Memory>607268864</Memory>
        </MemoryCapture>
      </MemoryCaptures>
    </RecipeData>
    <RecipeData>
      <Barcode>0085540254</Barcode>
      <RecipeName>NS_BRD_4G</RecipeName>
      <MemoryCaptures>
        <MemoryCapture>
          <Tag>EntryHandler</Tag>
          <Memory>605257728</Memory>
        </MemoryCapture>
        <MemoryCapture>
          <Tag>exithandler</Tag>
          <Memory>608927744</Memory>
        </MemoryCapture>
      </MemoryCaptures>
    </RecipeData>
    <RecipeData>
      <Barcode>0085424911</Barcode>
      <RecipeName>NS_BRD_4G</RecipeName>
      <MemoryCaptures>
        <MemoryCapture>
          <Tag>EntryHandler</Tag>
          <Memory>606195712</Memory>
        </MemoryCapture>
        <MemoryCapture>
          <Tag>exithandler</Tag>
          <Memory>607559680</Memory>
        </MemoryCapture>
      </MemoryCaptures>
    </RecipeData>
    <RecipeData>
      <Barcode>0085541571</Barcode>
      <RecipeName>NS_BRD_4G</RecipeName>
      <MemoryCaptures>
        <MemoryCapture>
          <Tag>EntryHandler</Tag>
          <Memory>606978048</Memory>
        </MemoryCapture>
        <MemoryCapture>
          <Tag>exithandler</Tag>
          <Memory>609374208</Memory>
        </MemoryCapture>
      </MemoryCaptures>
    </RecipeData>
    <RecipeData>
      <Barcode>0085541778</Barcode>
      <RecipeName>NS_BRD_4G</RecipeName>
      <MemoryCaptures>
        <MemoryCapture>
          <Tag>EntryHandler</Tag>
          <Memory>607195136</Memory>
        </MemoryCapture>
        <MemoryCapture>
          <Tag>exithandler</Tag>
          <Memory>610029568</Memory>
        </MemoryCapture>
      </MemoryCaptures>
    </RecipeData>
    <RecipeData>
      <Barcode>0085541670</Barcode>
      <RecipeName>NS_BRD_4G</RecipeName>
      <MemoryCaptures>
        <MemoryCapture>
          <Tag>EntryHandler</Tag>
          <Memory>609255424</Memory>
        </MemoryCapture>
        <MemoryCapture>
          <Tag>exithandler</Tag>
          <Memory>603205632</Memory>
        </MemoryCapture>
      </MemoryCaptures>
    </RecipeData>
    <RecipeData>
      <Barcode>0085541688</Barcode>
      <RecipeName>NS_BRD_4G</RecipeName>
      <MemoryCaptures>
        <MemoryCapture>
          <Tag>EntryHandler</Tag>
          <Memory>601309184</Memory>
        </MemoryCapture>
        <MemoryCapture>
          <Tag>exithandler</Tag>
          <Memory>607866880</Memory>
        </MemoryCapture>
      </MemoryCaptures>
    </RecipeData>
    <RecipeData>
      <Barcode>0085541551</Barcode>
      <RecipeName>NS_BRD_4G</RecipeName>
      <MemoryCaptures>
        <MemoryCapture>
          <Tag>EntryHandler</Tag>
          <Memory>606699520</Memory>
        </MemoryCapture>
        <MemoryCapture>
          <Tag>exithandler</Tag>
          <Memory>604495872</Memory>
        </MemoryCapture>
      </MemoryCaptures>
    </RecipeData>
    <RecipeData>
      <Barcode>0085542229</Barcode>
      <RecipeName>NS_BRD_4G</RecipeName>
      <MemoryCaptures>
        <MemoryCapture>
          <Tag>EntryHandler</Tag>
          <Memory>603611136</Memory>
        </MemoryCapture>
        <MemoryCapture>
          <Tag>exithandler</Tag>
          <Memory>607866880</Memory>
        </MemoryCapture>
      </MemoryCaptures>
    </RecipeData>
    <RecipeData>
      <Barcode>0085542152</Barcode>
      <RecipeName>NS_BRD_4G</RecipeName>
      <MemoryCaptures>
        <MemoryCapture>
          <Tag>EntryHandler</Tag>
          <Memory>606228480</Memory>
        </MemoryCapture>
        <MemoryCapture>
          <Tag>exithandler</Tag>
          <Memory>612409344</Memory>
        </MemoryCapture>
      </MemoryCaptures>
    </RecipeData>
    <RecipeData>
      <Barcode>0085542330</Barcode>
      <RecipeName>NS_BRD_4G</RecipeName>
      <MemoryCaptures>
        <MemoryCapture>
          <Tag>EntryHandler</Tag>
          <Memory>610279424</Memory>
        </MemoryCapture>
        <MemoryCapture>
          <Tag>exithandler</Tag>
          <Memory>610512896</Memory>
        </MemoryCapture>
      </MemoryCaptures>
    </RecipeData>
    <RecipeData>
      <Barcode>0085542267</Barcode>
      <RecipeName>NS_BRD_4G</RecipeName>
      <MemoryCaptures>
        <MemoryCapture>
          <Tag>EntryHandler</Tag>
          <Memory>607686656</Memory>
        </MemoryCapture>
        <MemoryCapture>
          <Tag>exithandler</Tag>
          <Memory>608534528</Memory>
        </MemoryCapture>
      </MemoryCaptures>
    </RecipeData>
    <RecipeData>
      <Barcode>0085542404</Barcode>
      <RecipeName>NS_BRD_4G</RecipeName>
      <MemoryCaptures>
        <MemoryCapture>
          <Tag>EntryHandler</Tag>
          <Memory>606715904</Memory>
        </MemoryCapture>
        <MemoryCapture>
          <Tag>exithandler</Tag>
          <Memory>605560832</Memory>
        </MemoryCapture>
      </MemoryCaptures>
    </RecipeData>
    <RecipeData>
      <Barcode>0085542438</Barcode>
      <RecipeName>NS_BRD_4G</RecipeName>
      <MemoryCaptures>
        <MemoryCapture>
          <Tag>EntryHandler</Tag>
          <Memory>603545600</Memory>
        </MemoryCapture>
        <MemoryCapture>
          <Tag>exithandler</Tag>
          <Memory>610574336</Memory>
        </MemoryCapture>
      </MemoryCaptures>
    </RecipeData>
    <RecipeData>
      <Barcode>0085542238</Barcode>
      <RecipeName>NS_BRD_4G</RecipeName>
      <MemoryCaptures>
        <MemoryCapture>
          <Tag>EntryHandler</Tag>
          <Memory>608284672</Memory>
        </MemoryCapture>
        <MemoryCapture>
          <Tag>exithandler</Tag>
          <Memory>603144192</Memory>
        </MemoryCapture>
      </MemoryCaptures>
    </RecipeData>
    <RecipeData>
      <Barcode>0085542537</Barcode>
      <RecipeName>NS_BRD_4G</RecipeName>
      <MemoryCaptures>
        <MemoryCapture>
          <Tag>EntryHandler</Tag>
          <Memory>601317376</Memory>
        </MemoryCapture>
        <MemoryCapture>
          <Tag>exithandler</Tag>
          <Memory>609939456</Memory>
        </MemoryCapture>
      </MemoryCaptures>
    </RecipeData>
    <RecipeData>
      <Barcode>0085542664</Barcode>
      <RecipeName>NS_BRD_4G</RecipeName>
      <MemoryCaptures>
        <MemoryCapture>
          <Tag>EntryHandler</Tag>
          <Memory>608088064</Memory>
        </MemoryCapture>
        <MemoryCapture>
          <Tag>exithandler</Tag>
          <Memory>609009664</Memory>
        </MemoryCapture>
      </MemoryCaptures>
    </RecipeData>
    <RecipeData>
      <Barcode>0085542772</Barcode>
      <RecipeName>NS_BRD_4G</RecipeName>
      <MemoryCaptures>
        <MemoryCapture>
          <Tag>EntryHandler</Tag>
          <Memory>606593024</Memory>
        </MemoryCapture>
        <MemoryCapture>
          <Tag>exithandler</Tag>
          <Memory>604479488</Memory>
        </MemoryCapture>
      </MemoryCaptures>
    </RecipeData>
    <RecipeData>
      <Barcode>0085542851</Barcode>
      <RecipeName>NS_BRD_4G</RecipeName>
      <MemoryCaptures>
        <MemoryCapture>
          <Tag>EntryHandler</Tag>
          <Memory>603594752</Memory>
        </MemoryCapture>
        <MemoryCapture>
          <Tag>exithandler</Tag>
          <Memory>611540992</Memory>
        </MemoryCapture>
      </MemoryCaptures>
    </RecipeData>
    <RecipeData>
      <Barcode>0085542672</Barcode>
      <RecipeName>NS_BRD_4G</RecipeName>
      <MemoryCaptures>
        <MemoryCapture>
          <Tag>EntryHandler</Tag>
          <Memory>609570816</Memory>
        </MemoryCapture>
        <MemoryCapture>
          <Tag>exithandler</Tag>
          <Memory>611135488</Memory>
        </MemoryCapture>
      </MemoryCaptures>
    </RecipeData>
    <RecipeData>
      <Barcode>0085543021</Barcode>
      <RecipeName>NS_BRD_4G</RecipeName>
      <MemoryCaptures>
        <MemoryCapture>
          <Tag>EntryHandler</Tag>
          <Memory>609722368</Memory>
        </MemoryCapture>
        <MemoryCapture>
          <Tag>exithandler</Tag>
          <Memory>608391168</Memory>
        </MemoryCapture>
      </MemoryCaptures>
    </RecipeData>
    <RecipeData>
      <Barcode>0085542928</Barcode>
      <RecipeName>NS_BRD_4G</RecipeName>
      <MemoryCaptures>
        <MemoryCapture>
          <Tag>EntryHandler</Tag>
          <Memory>606470144</Memory>
        </MemoryCapture>
        <MemoryCapture>
          <Tag>exithandler</Tag>
          <Memory>610881536</Memory>
        </MemoryCapture>
      </MemoryCaptures>
    </RecipeData>
    <RecipeData>
      <Barcode>0085477334</Barcode>
      <RecipeName>NS_BRD_4G</RecipeName>
      <MemoryCaptures>
        <MemoryCapture>
          <Tag>EntryHandler</Tag>
          <Memory>609017856</Memory>
        </MemoryCapture>
        <MemoryCapture>
          <Tag>exithandler</Tag>
          <Memory>602333184</Memory>
        </MemoryCapture>
      </MemoryCaptures>
    </RecipeData>
    <RecipeData>
      <Barcode>0085543070</Barcode>
      <RecipeName>NS_BRD_4G</RecipeName>
      <MemoryCaptures>
        <MemoryCapture>
          <Tag>EntryHandler</Tag>
          <Memory>601554944</Memory>
        </MemoryCapture>
        <MemoryCapture>
          <Tag>exithandler</Tag>
          <Memory>605773824</Memory>
        </MemoryCapture>
      </MemoryCaptures>
    </RecipeData>
    <RecipeData>
      <Barcode>0085543011</Barcode>
      <RecipeName>NS_BRD_4G</RecipeName>
      <MemoryCaptures>
        <MemoryCapture>
          <Tag>EntryHandler</Tag>
          <Memory>605159424</Memory>
        </MemoryCapture>
        <MemoryCapture>
          <Tag>exithandler</Tag>
          <Memory>613265408</Memory>
        </MemoryCapture>
      </MemoryCaptures>
    </RecipeData>
    <RecipeData>
      <Barcode>0085542888</Barcode>
      <RecipeName>NS_BRD_4G</RecipeName>
      <MemoryCaptures>
        <MemoryCapture>
          <Tag>EntryHandler</Tag>
          <Memory>612679680</Memory>
        </MemoryCapture>
        <MemoryCapture>
          <Tag>exithandler</Tag>
          <Memory>608710656</Memory>
        </MemoryCapture>
      </MemoryCaptures>
    </RecipeData>
    <RecipeData>
      <Barcode>0085543493</Barcode>
      <RecipeName>NS_BRD_4G</RecipeName>
      <MemoryCaptures>
        <MemoryCapture>
          <Tag>EntryHandler</Tag>
          <Memory>606392320</Memory>
        </MemoryCapture>
        <MemoryCapture>
          <Tag>exithandler</Tag>
          <Memory>609886208</Memory>
        </MemoryCapture>
      </MemoryCaptures>
    </RecipeData>
    <RecipeData>
      <Barcode>0085543327</Barcode>
      <RecipeName>NS_BRD_4G</RecipeName>
      <MemoryCaptures>
        <MemoryCapture>
          <Tag>EntryHandler</Tag>
          <Memory>607907840</Memory>
        </MemoryCapture>
        <MemoryCapture>
          <Tag>exithandler</Tag>
          <Memory>610836480</Memory>
        </MemoryCapture>
      </MemoryCaptures>
    </RecipeData>
    <RecipeData>
      <Barcode>0085543274</Barcode>
      <RecipeName>NS_BRD_4G</RecipeName>
      <MemoryCaptures>
        <MemoryCapture>
          <Tag>EntryHandler</Tag>
          <Memory>608997376</Memory>
        </MemoryCapture>
        <MemoryCapture>
          <Tag>exithandler</Tag>
          <Memory>608591872</Memory>
        </MemoryCapture>
      </MemoryCaptures>
    </RecipeData>
    <RecipeData>
      <Barcode>0085543599</Barcode>
      <RecipeName>NS_BRD_4G</RecipeName>
      <MemoryCaptures>
        <MemoryCapture>
          <Tag>EntryHandler</Tag>
          <Memory>604975104</Memory>
        </MemoryCapture>
        <MemoryCapture>
          <Tag>exithandler</Tag>
          <Memory>612413440</Memory>
        </MemoryCapture>
      </MemoryCaptures>
    </RecipeData>
    <RecipeData>
      <Barcode>0085543911</Barcode>
      <RecipeName>NS_BRD_4G</RecipeName>
      <MemoryCaptures>
        <MemoryCapture>
          <Tag>EntryHandler</Tag>
          <Memory>610471936</Memory>
        </MemoryCapture>
        <MemoryCapture>
          <Tag>exithandler</Tag>
          <Memory>614125568</Memory>
        </MemoryCapture>
      </MemoryCaptures>
    </RecipeData>
    <RecipeData>
      <Barcode>0085544029</Barcode>
      <RecipeName>NS_BRD_4G</RecipeName>
      <MemoryCaptures>
        <MemoryCapture>
          <Tag>EntryHandler</Tag>
          <Memory>613404672</Memory>
        </MemoryCapture>
        <MemoryCapture>
          <Tag>exithandler</Tag>
          <Memory>610062336</Memory>
        </MemoryCapture>
      </MemoryCaptures>
    </RecipeData>
    <RecipeData>
      <Barcode>0085544272</Barcode>
      <RecipeName>NS_BRD_4G</RecipeName>
      <MemoryCaptures>
        <MemoryCapture>
          <Tag>EntryHandler</Tag>
          <Memory>602132480</Memory>
        </MemoryCapture>
        <MemoryCapture>
          <Tag>exithandler</Tag>
          <Memory>612335616</Memory>
        </MemoryCapture>
      </MemoryCaptures>
    </RecipeData>
    <RecipeData>
      <Barcode>0085544179</Barcode>
      <RecipeName>NS_BRD_4G</RecipeName>
      <MemoryCaptures>
        <MemoryCapture>
          <Tag>EntryHandler</Tag>
          <Memory>610570240</Memory>
        </MemoryCapture>
        <MemoryCapture>
          <Tag>exithandler</Tag>
          <Memory>603312128</Memory>
        </MemoryCapture>
      </MemoryCaptures>
    </RecipeData>
    <RecipeData>
      <Barcode>0085543083</Barcode>
      <RecipeName>NS_BRD_4G</RecipeName>
      <MemoryCaptures>
        <MemoryCapture>
          <Tag>EntryHandler</Tag>
          <Memory>602128384</Memory>
        </MemoryCapture>
        <MemoryCapture>
          <Tag>exithandler</Tag>
          <Memory>608968704</Memory>
        </MemoryCapture>
      </MemoryCaptures>
    </RecipeData>
    <RecipeData>
      <Barcode>0085543569</Barcode>
      <RecipeName>NS_BRD_4G</RecipeName>
      <MemoryCaptures>
        <MemoryCapture>
          <Tag>EntryHandler</Tag>
          <Memory>606912512</Memory>
        </MemoryCapture>
        <MemoryCapture>
          <Tag>exithandler</Tag>
          <Memory>603717632</Memory>
        </MemoryCapture>
      </MemoryCaptures>
    </RecipeData>
    <RecipeData>
      <Barcode>0085544429</Barcode>
      <RecipeName>NS_BRD_4G</RecipeName>
      <MemoryCaptures>
        <MemoryCapture>
          <Tag>EntryHandler</Tag>
          <Memory>601780224</Memory>
        </MemoryCapture>
        <MemoryCapture>
          <Tag>exithandler</Tag>
          <Memory>521363456</Memory>
        </MemoryCapture>
      </MemoryCaptures>
    </RecipeData>
    <RecipeData>
      <Barcode>0085544066</Barcode>
      <RecipeName>NS_BRD_4G</RecipeName>
      <MemoryCaptures>
        <MemoryCapture>
          <Tag>EntryHandler</Tag>
          <Memory>519213056</Memory>
        </MemoryCapture>
        <MemoryCapture>
          <Tag>exithandler</Tag>
          <Memory>602611712</Memory>
        </MemoryCapture>
      </MemoryCaptures>
    </RecipeData>
    <RecipeData>
      <Barcode>0085193203</Barcode>
      <RecipeName>NS_BRD_4G</RecipeName>
      <MemoryCaptures>
        <MemoryCapture>
          <Tag>EntryHandler</Tag>
          <Memory>604086272</Memory>
        </MemoryCapture>
        <MemoryCapture>
          <Tag>exithandler</Tag>
          <Memory>636424192</Memory>
        </MemoryCapture>
      </MemoryCaptures>
    </RecipeData>
    <RecipeData>
      <Barcode>0085544063</Barcode>
      <RecipeName>NS_BRD_4G</RecipeName>
      <MemoryCaptures>
        <MemoryCapture>
          <Tag>EntryHandler</Tag>
          <Memory>635428864</Memory>
        </MemoryCapture>
        <MemoryCapture>
          <Tag>exithandler</Tag>
          <Memory>601882624</Memory>
        </MemoryCapture>
      </MemoryCaptures>
    </RecipeData>
    <RecipeData>
      <Barcode>0085544657</Barcode>
      <RecipeName>NS_BRD_4G</RecipeName>
      <MemoryCaptures>
        <MemoryCapture>
          <Tag>EntryHandler</Tag>
          <Memory>601300992</Memory>
        </MemoryCapture>
        <MemoryCapture>
          <Tag>exithandler</Tag>
          <Memory>515436544</Memory>
        </MemoryCapture>
      </MemoryCaptures>
    </RecipeData>
    <RecipeData>
      <Barcode>0085544281</Barcode>
      <RecipeName>NS_BRD_4G</RecipeName>
      <MemoryCaptures>
        <MemoryCapture>
          <Tag>EntryHandler</Tag>
          <Memory>512237568</Memory>
        </MemoryCapture>
        <MemoryCapture>
          <Tag>exithandler</Tag>
          <Memory>609402880</Memory>
        </MemoryCapture>
      </MemoryCaptures>
    </RecipeData>
    <RecipeData>
      <Barcode>0085545229</Barcode>
      <RecipeName>NS_BRD_4G</RecipeName>
      <MemoryCaptures>
        <MemoryCapture>
          <Tag>EntryHandler</Tag>
          <Memory>609067008</Memory>
        </MemoryCapture>
        <MemoryCapture>
          <Tag>exithandler</Tag>
          <Memory>609820672</Memory>
        </MemoryCapture>
      </MemoryCaptures>
    </RecipeData>
    <RecipeData>
      <Barcode>0085545093</Barcode>
      <RecipeName>NS_BRD_4G</RecipeName>
      <MemoryCaptures>
        <MemoryCapture>
          <Tag>EntryHandler</Tag>
          <Memory>609161216</Memory>
        </MemoryCapture>
        <MemoryCapture>
          <Tag>exithandler</Tag>
          <Memory>612409344</Memory>
        </MemoryCapture>
      </MemoryCaptures>
    </RecipeData>
    <RecipeData>
      <Barcode>0085545134</Barcode>
      <RecipeName>NS_BRD_4G</RecipeName>
      <MemoryCaptures>
        <MemoryCapture>
          <Tag>EntryHandler</Tag>
          <Memory>610246656</Memory>
        </MemoryCapture>
        <MemoryCapture>
          <Tag>exithandler</Tag>
          <Memory>610242560</Memory>
        </MemoryCapture>
      </MemoryCaptures>
    </RecipeData>
    <RecipeData>
      <Barcode>0085544476</Barcode>
      <RecipeName>NS_BRD_4G</RecipeName>
      <MemoryCaptures>
        <MemoryCapture>
          <Tag>EntryHandler</Tag>
          <Memory>609595392</Memory>
        </MemoryCapture>
        <MemoryCapture>
          <Tag>exithandler</Tag>
          <Memory>603615232</Memory>
        </MemoryCapture>
      </MemoryCaptures>
    </RecipeData>
    <RecipeData>
      <Barcode>0085544337</Barcode>
      <RecipeName>NS_BRD_4G</RecipeName>
      <MemoryCaptures>
        <MemoryCapture>
          <Tag>EntryHandler</Tag>
          <Memory>601726976</Memory>
        </MemoryCapture>
        <MemoryCapture>
          <Tag>exithandler</Tag>
          <Memory>608980992</Memory>
        </MemoryCapture>
      </MemoryCaptures>
    </RecipeData>
    <RecipeData>
      <Barcode>0085545273</Barcode>
      <RecipeName>NS_BRD_4G</RecipeName>
      <MemoryCaptures>
        <MemoryCapture>
          <Tag>EntryHandler</Tag>
          <Memory>608428032</Memory>
        </MemoryCapture>
        <MemoryCapture>
          <Tag>exithandler</Tag>
          <Memory>610410496</Memory>
        </MemoryCapture>
      </MemoryCaptures>
    </RecipeData>
    <RecipeData>
      <Barcode>0085545260</Barcode>
      <RecipeName>NS_BRD_4G</RecipeName>
      <MemoryCaptures>
        <MemoryCapture>
          <Tag>EntryHandler</Tag>
          <Memory>608374784</Memory>
        </MemoryCapture>
        <MemoryCapture>
          <Tag>exithandler</Tag>
          <Memory>609902592</Memory>
        </MemoryCapture>
      </MemoryCaptures>
    </RecipeData>
    <RecipeData>
      <Barcode>0085544620</Barcode>
      <RecipeName>NS_BRD_4G</RecipeName>
      <MemoryCaptures>
        <MemoryCapture>
          <Tag>EntryHandler</Tag>
          <Memory>607772672</Memory>
        </MemoryCapture>
        <MemoryCapture>
          <Tag>exithandler</Tag>
          <Memory>514260992</Memory>
        </MemoryCapture>
      </MemoryCaptures>
    </RecipeData>
    <RecipeData>
      <Barcode>0085545208</Barcode>
      <RecipeName>NS_BRD_4G</RecipeName>
      <MemoryCaptures>
        <MemoryCapture>
          <Tag>EntryHandler</Tag>
          <Memory>513544192</Memory>
        </MemoryCapture>
        <MemoryCapture>
          <Tag>exithandler</Tag>
          <Memory>612667392</Memory>
        </MemoryCapture>
      </MemoryCaptures>
    </RecipeData>
    <RecipeData>
      <Barcode>0085545719</Barcode>
      <RecipeName>NS_BRD_4G</RecipeName>
      <MemoryCaptures>
        <MemoryCapture>
          <Tag>EntryHandler</Tag>
          <Memory>610611200</Memory>
        </MemoryCapture>
        <MemoryCapture>
          <Tag>exithandler</Tag>
          <Memory>610185216</Memory>
        </MemoryCapture>
      </MemoryCaptures>
    </RecipeData>
    <RecipeData>
      <Barcode>0085544330</Barcode>
      <RecipeName>NS_BRD_4G</RecipeName>
      <MemoryCaptures>
        <MemoryCapture>
          <Tag>EntryHandler</Tag>
          <Memory>609779712</Memory>
        </MemoryCapture>
      </MemoryCaptures>
    </RecipeData>
  </RecipeDatas>
</ResourceHistory>