<?xml version="1.0" encoding="utf-8"?>
<ResourceHistory xmlns:xsi="http://www.w3.org/2001/XMLSchema-instance" xmlns:xsd="http://www.w3.org/2001/XMLSchema">
  <StationName>PB01F01M21-LAR001</StationName>
  <RecipeDatas>
    <RecipeData>
      <Barcode>0085532140</Barcode>
      <RecipeName>PINE_L2AR</RecipeName>
      <MemoryCaptures>
        <MemoryCapture>
          <Tag>EntryHandler</Tag>
          <Memory>290058240</Memory>
        </MemoryCapture>
        <MemoryCapture>
          <Tag>exithandler</Tag>
          <Memory>366432256</Memory>
        </MemoryCapture>
      </MemoryCaptures>
    </RecipeData>
    <RecipeData>
      <Barcode>0085533041</Barcode>
      <RecipeName>PINE_L2AR</RecipeName>
      <MemoryCaptures>
        <MemoryCapture>
          <Tag>EntryHandler</Tag>
          <Memory>348753920</Memory>
        </MemoryCapture>
        <MemoryCapture>
          <Tag>exithandler</Tag>
          <Memory>358133760</Memory>
        </MemoryCapture>
      </MemoryCaptures>
    </RecipeData>
    <RecipeData>
      <Barcode>0085530807</Barcode>
      <RecipeName>PINE_L2AR</RecipeName>
      <MemoryCaptures>
        <MemoryCapture>
          <Tag>EntryHandler</Tag>
          <Memory>357216256</Memory>
        </MemoryCapture>
        <MemoryCapture>
          <Tag>exithandler</Tag>
          <Memory>364376064</Memory>
        </MemoryCapture>
      </MemoryCaptures>
    </RecipeData>
    <RecipeData>
      <Barcode>0085530576</Barcode>
      <RecipeName>PINE_L2AR</RecipeName>
      <MemoryCaptures>
        <MemoryCapture>
          <Tag>EntryHandler</Tag>
          <Memory>363782144</Memory>
        </MemoryCapture>
        <MemoryCapture>
          <Tag>exithandler</Tag>
          <Memory>365641728</Memory>
        </MemoryCapture>
      </MemoryCaptures>
    </RecipeData>
    <RecipeData>
      <Barcode>0085537198</Barcode>
      <RecipeName>PINE_L2AR</RecipeName>
      <MemoryCaptures>
        <MemoryCapture>
          <Tag>EntryHandler</Tag>
          <Memory>365146112</Memory>
        </MemoryCapture>
      </MemoryCaptures>
    </RecipeData>
  </RecipeDatas>
</ResourceHistory>