<?xml version="1.0" encoding="utf-8"?>
<ResourceHistory xmlns:xsi="http://www.w3.org/2001/XMLSchema-instance" xmlns:xsd="http://www.w3.org/2001/XMLSchema">
  <StationName>PB01F1T06-BT008B</StationName>
  <RecipeDatas>
    <RecipeData>
      <Barcode>0085528444</Barcode>
      <RecipeName>NS_BRD_4G</RecipeName>
      <MemoryCaptures>
        <MemoryCapture>
          <Tag>EntryHandler</Tag>
          <Memory>257818624</Memory>
        </MemoryCapture>
        <MemoryCapture>
          <Tag>exithandler</Tag>
          <Memory>463966208</Memory>
        </MemoryCapture>
      </MemoryCaptures>
    </RecipeData>
    <RecipeData>
      <Barcode>0085528894</Barcode>
      <RecipeName>NS_BRD_4G</RecipeName>
      <MemoryCaptures>
        <MemoryCapture>
          <Tag>EntryHandler</Tag>
          <Memory>462036992</Memory>
        </MemoryCapture>
        <MemoryCapture>
          <Tag>exithandler</Tag>
          <Memory>480317440</Memory>
        </MemoryCapture>
      </MemoryCaptures>
    </RecipeData>
    <RecipeData>
      <Barcode>0085529300</Barcode>
      <RecipeName>NS_BRD_4G</RecipeName>
      <MemoryCaptures>
        <MemoryCapture>
          <Tag>EntryHandler</Tag>
          <Memory>478187520</Memory>
        </MemoryCapture>
        <MemoryCapture>
          <Tag>exithandler</Tag>
          <Memory>580767744</Memory>
        </MemoryCapture>
      </MemoryCaptures>
    </RecipeData>
    <RecipeData>
      <Barcode>0085528828</Barcode>
      <RecipeName>NS_BRD_4G</RecipeName>
      <MemoryCaptures>
        <MemoryCapture>
          <Tag>EntryHandler</Tag>
          <Memory>578859008</Memory>
        </MemoryCapture>
        <MemoryCapture>
          <Tag>exithandler</Tag>
          <Memory>602128384</Memory>
        </MemoryCapture>
      </MemoryCaptures>
    </RecipeData>
    <RecipeData>
      <Barcode>0085528787</Barcode>
      <RecipeName>NS_BRD_4G</RecipeName>
      <MemoryCaptures>
        <MemoryCapture>
          <Tag>EntryHandler</Tag>
          <Memory>602136576</Memory>
        </MemoryCapture>
        <MemoryCapture>
          <Tag>exithandler</Tag>
          <Memory>576036864</Memory>
        </MemoryCapture>
      </MemoryCaptures>
    </RecipeData>
    <RecipeData>
      <Barcode>0085529989</Barcode>
      <RecipeName>NS_BRD_4G</RecipeName>
      <MemoryCaptures>
        <MemoryCapture>
          <Tag>EntryHandler</Tag>
          <Memory>574238720</Memory>
        </MemoryCapture>
        <MemoryCapture>
          <Tag>exithandler</Tag>
          <Memory>561115136</Memory>
        </MemoryCapture>
      </MemoryCaptures>
    </RecipeData>
    <RecipeData>
      <Barcode>0085530054</Barcode>
      <RecipeName>NS_BRD_4G</RecipeName>
      <MemoryCaptures>
        <MemoryCapture>
          <Tag>EntryHandler</Tag>
          <Memory>559271936</Memory>
        </MemoryCapture>
        <MemoryCapture>
          <Tag>exithandler</Tag>
          <Memory>586723328</Memory>
        </MemoryCapture>
      </MemoryCaptures>
    </RecipeData>
    <RecipeData>
      <Barcode>0085529223</Barcode>
      <RecipeName>NS_BRD_4G</RecipeName>
      <MemoryCaptures>
        <MemoryCapture>
          <Tag>EntryHandler</Tag>
          <Memory>584450048</Memory>
        </MemoryCapture>
        <MemoryCapture>
          <Tag>exithandler</Tag>
          <Memory>594743296</Memory>
        </MemoryCapture>
      </MemoryCaptures>
    </RecipeData>
    <RecipeData>
      <Barcode>0085529893</Barcode>
      <RecipeName>NS_BRD_4G</RecipeName>
      <MemoryCaptures>
        <MemoryCapture>
          <Tag>EntryHandler</Tag>
          <Memory>593383424</Memory>
        </MemoryCapture>
        <MemoryCapture>
          <Tag>exithandler</Tag>
          <Memory>597868544</Memory>
        </MemoryCapture>
      </MemoryCaptures>
    </RecipeData>
    <RecipeData>
      <Barcode>0085529809</Barcode>
      <RecipeName>NS_BRD_4G</RecipeName>
      <MemoryCaptures>
        <MemoryCapture>
          <Tag>EntryHandler</Tag>
          <Memory>595722240</Memory>
        </MemoryCapture>
        <MemoryCapture>
          <Tag>exithandler</Tag>
          <Memory>502517760</Memory>
        </MemoryCapture>
      </MemoryCaptures>
    </RecipeData>
    <RecipeData>
      <Barcode>0085529956</Barcode>
      <RecipeName>NS_BRD_4G</RecipeName>
      <MemoryCaptures>
        <MemoryCapture>
          <Tag>EntryHandler</Tag>
          <Memory>500350976</Memory>
        </MemoryCapture>
        <MemoryCapture>
          <Tag>exithandler</Tag>
          <Memory>598388736</Memory>
        </MemoryCapture>
      </MemoryCaptures>
    </RecipeData>
    <RecipeData>
      <Barcode>0085530113</Barcode>
      <RecipeName>NS_BRD_4G</RecipeName>
      <MemoryCaptures>
        <MemoryCapture>
          <Tag>EntryHandler</Tag>
          <Memory>596295680</Memory>
        </MemoryCapture>
        <MemoryCapture>
          <Tag>exithandler</Tag>
          <Memory>503726080</Memory>
        </MemoryCapture>
      </MemoryCaptures>
    </RecipeData>
    <RecipeData>
      <Barcode>0085530296</Barcode>
      <RecipeName>NS_BRD_4G</RecipeName>
      <MemoryCaptures>
        <MemoryCapture>
          <Tag>EntryHandler</Tag>
          <Memory>500785152</Memory>
        </MemoryCapture>
        <MemoryCapture>
          <Tag>exithandler</Tag>
          <Memory>598589440</Memory>
        </MemoryCapture>
      </MemoryCaptures>
    </RecipeData>
    <RecipeData>
      <Barcode>0085530575</Barcode>
      <RecipeName>NS_BRD_4G</RecipeName>
      <MemoryCaptures>
        <MemoryCapture>
          <Tag>EntryHandler</Tag>
          <Memory>596389888</Memory>
        </MemoryCapture>
        <MemoryCapture>
          <Tag>exithandler</Tag>
          <Memory>599416832</Memory>
        </MemoryCapture>
      </MemoryCaptures>
    </RecipeData>
    <RecipeData>
      <Barcode>0085530522</Barcode>
      <RecipeName>NS_BRD_4G</RecipeName>
      <MemoryCaptures>
        <MemoryCapture>
          <Tag>EntryHandler</Tag>
          <Memory>597082112</Memory>
        </MemoryCapture>
        <MemoryCapture>
          <Tag>exithandler</Tag>
          <Memory>603488256</Memory>
        </MemoryCapture>
      </MemoryCaptures>
    </RecipeData>
    <RecipeData>
      <Barcode>0085529131</Barcode>
      <RecipeName>NS_BRD_4G</RecipeName>
      <MemoryCaptures>
        <MemoryCapture>
          <Tag>EntryHandler</Tag>
          <Memory>600207360</Memory>
        </MemoryCapture>
        <MemoryCapture>
          <Tag>exithandler</Tag>
          <Memory>603099136</Memory>
        </MemoryCapture>
      </MemoryCaptures>
    </RecipeData>
    <RecipeData>
      <Barcode>0085530875</Barcode>
      <RecipeName>NS_BRD_4G</RecipeName>
      <MemoryCaptures>
        <MemoryCapture>
          <Tag>EntryHandler</Tag>
          <Memory>594759680</Memory>
        </MemoryCapture>
        <MemoryCapture>
          <Tag>exithandler</Tag>
          <Memory>593203200</Memory>
        </MemoryCapture>
      </MemoryCaptures>
    </RecipeData>
    <RecipeData>
      <Barcode>0085531811</Barcode>
      <RecipeName>NS_BRD_4G</RecipeName>
      <MemoryCaptures>
        <MemoryCapture>
          <Tag>EntryHandler</Tag>
          <Memory>592662528</Memory>
        </MemoryCapture>
        <MemoryCapture>
          <Tag>exithandler</Tag>
          <Memory>600981504</Memory>
        </MemoryCapture>
      </MemoryCaptures>
    </RecipeData>
    <RecipeData>
      <Barcode>0085529336</Barcode>
      <RecipeName>NS_BRD_4G</RecipeName>
      <MemoryCaptures>
        <MemoryCapture>
          <Tag>EntryHandler</Tag>
          <Memory>598974464</Memory>
        </MemoryCapture>
        <MemoryCapture>
          <Tag>exithandler</Tag>
          <Memory>569634816</Memory>
        </MemoryCapture>
      </MemoryCaptures>
    </RecipeData>
    <RecipeData>
      <Barcode>0085530642</Barcode>
      <RecipeName>NS_BRD_4G</RecipeName>
      <MemoryCaptures>
        <MemoryCapture>
          <Tag>EntryHandler</Tag>
          <Memory>568999936</Memory>
        </MemoryCapture>
        <MemoryCapture>
          <Tag>exithandler</Tag>
          <Memory>597811200</Memory>
        </MemoryCapture>
      </MemoryCaptures>
    </RecipeData>
    <RecipeData>
      <Barcode>0085531715</Barcode>
      <RecipeName>NS_BRD_4G</RecipeName>
      <MemoryCaptures>
        <MemoryCapture>
          <Tag>EntryHandler</Tag>
          <Memory>596426752</Memory>
        </MemoryCapture>
        <MemoryCapture>
          <Tag>exithandler</Tag>
          <Memory>492490752</Memory>
        </MemoryCapture>
      </MemoryCaptures>
    </RecipeData>
    <RecipeData>
      <Barcode>0085532966</Barcode>
      <RecipeName>NS_BRD_4G</RecipeName>
      <MemoryCaptures>
        <MemoryCapture>
          <Tag>EntryHandler</Tag>
          <Memory>492404736</Memory>
        </MemoryCapture>
        <MemoryCapture>
          <Tag>exithandler</Tag>
          <Memory>598269952</Memory>
        </MemoryCapture>
      </MemoryCaptures>
    </RecipeData>
    <RecipeData>
      <Barcode>0085530964</Barcode>
      <RecipeName>NS_BRD_4G</RecipeName>
      <MemoryCaptures>
        <MemoryCapture>
          <Tag>EntryHandler</Tag>
          <Memory>597528576</Memory>
        </MemoryCapture>
        <MemoryCapture>
          <Tag>exithandler</Tag>
          <Memory>507641856</Memory>
        </MemoryCapture>
      </MemoryCaptures>
    </RecipeData>
    <RecipeData>
      <Barcode>0085531788</Barcode>
      <RecipeName>NS_BRD_4G</RecipeName>
      <MemoryCaptures>
        <MemoryCapture>
          <Tag>EntryHandler</Tag>
          <Memory>506761216</Memory>
        </MemoryCapture>
        <MemoryCapture>
          <Tag>exithandler</Tag>
          <Memory>604561408</Memory>
        </MemoryCapture>
      </MemoryCaptures>
    </RecipeData>
    <RecipeData>
      <Barcode>0085532979</Barcode>
      <RecipeName>NS_BRD_4G</RecipeName>
      <MemoryCaptures>
        <MemoryCapture>
          <Tag>EntryHandler</Tag>
          <Memory>603889664</Memory>
        </MemoryCapture>
        <MemoryCapture>
          <Tag>exithandler</Tag>
          <Memory>605159424</Memory>
        </MemoryCapture>
      </MemoryCaptures>
    </RecipeData>
    <RecipeData>
      <Barcode>0085532716</Barcode>
      <RecipeName>NS_BRD_4G</RecipeName>
      <MemoryCaptures>
        <MemoryCapture>
          <Tag>EntryHandler</Tag>
          <Memory>604463104</Memory>
        </MemoryCapture>
        <MemoryCapture>
          <Tag>exithandler</Tag>
          <Memory>597049344</Memory>
        </MemoryCapture>
      </MemoryCaptures>
    </RecipeData>
    <RecipeData>
      <Barcode>0085533614</Barcode>
      <RecipeName>NS_BRD_4G</RecipeName>
      <MemoryCaptures>
        <MemoryCapture>
          <Tag>EntryHandler</Tag>
          <Memory>596123648</Memory>
        </MemoryCapture>
        <MemoryCapture>
          <Tag>exithandler</Tag>
          <Memory>601354240</Memory>
        </MemoryCapture>
      </MemoryCaptures>
    </RecipeData>
    <RecipeData>
      <Barcode>0085533235</Barcode>
      <RecipeName>NS_BRD_4G</RecipeName>
      <MemoryCaptures>
        <MemoryCapture>
          <Tag>EntryHandler</Tag>
          <Memory>600932352</Memory>
        </MemoryCapture>
        <MemoryCapture>
          <Tag>exithandler</Tag>
          <Memory>602718208</Memory>
        </MemoryCapture>
      </MemoryCaptures>
    </RecipeData>
    <RecipeData>
      <Barcode>0085532732</Barcode>
      <RecipeName>NS_BRD_4G</RecipeName>
      <MemoryCaptures>
        <MemoryCapture>
          <Tag>EntryHandler</Tag>
          <Memory>601509888</Memory>
        </MemoryCapture>
        <MemoryCapture>
          <Tag>exithandler</Tag>
          <Memory>601247744</Memory>
        </MemoryCapture>
      </MemoryCaptures>
    </RecipeData>
    <RecipeData>
      <Barcode>0085533466</Barcode>
      <RecipeName>NS_BRD_4G</RecipeName>
      <MemoryCaptures>
        <MemoryCapture>
          <Tag>EntryHandler</Tag>
          <Memory>600973312</Memory>
        </MemoryCapture>
        <MemoryCapture>
          <Tag>exithandler</Tag>
          <Memory>506228736</Memory>
        </MemoryCapture>
      </MemoryCaptures>
    </RecipeData>
    <RecipeData>
      <Barcode>0085530252</Barcode>
      <RecipeName>NS_BRD_4G</RecipeName>
      <MemoryCaptures>
        <MemoryCapture>
          <Tag>EntryHandler</Tag>
          <Memory>503988224</Memory>
        </MemoryCapture>
        <MemoryCapture>
          <Tag>exithandler</Tag>
          <Memory>603725824</Memory>
        </MemoryCapture>
      </MemoryCaptures>
    </RecipeData>
    <RecipeData>
      <Barcode>0085531884</Barcode>
      <RecipeName>NS_BRD_4G</RecipeName>
      <MemoryCaptures>
        <MemoryCapture>
          <Tag>EntryHandler</Tag>
          <Memory>602832896</Memory>
        </MemoryCapture>
        <MemoryCapture>
          <Tag>exithandler</Tag>
          <Memory>603508736</Memory>
        </MemoryCapture>
      </MemoryCaptures>
    </RecipeData>
    <RecipeData>
      <Barcode>0085533712</Barcode>
      <RecipeName>NS_BRD_4G</RecipeName>
      <MemoryCaptures>
        <MemoryCapture>
          <Tag>EntryHandler</Tag>
          <Memory>602718208</Memory>
        </MemoryCapture>
        <MemoryCapture>
          <Tag>exithandler</Tag>
          <Memory>603521024</Memory>
        </MemoryCapture>
      </MemoryCaptures>
    </RecipeData>
    <RecipeData>
      <Barcode>0085533661</Barcode>
      <RecipeName>NS_BRD_4G</RecipeName>
      <MemoryCaptures>
        <MemoryCapture>
          <Tag>EntryHandler</Tag>
          <Memory>603148288</Memory>
        </MemoryCapture>
        <MemoryCapture>
          <Tag>exithandler</Tag>
          <Memory>605519872</Memory>
        </MemoryCapture>
      </MemoryCaptures>
    </RecipeData>
    <RecipeData>
      <Barcode>0085533490</Barcode>
      <RecipeName>NS_BRD_4G</RecipeName>
      <MemoryCaptures>
        <MemoryCapture>
          <Tag>EntryHandler</Tag>
          <Memory>604798976</Memory>
        </MemoryCapture>
        <MemoryCapture>
          <Tag>exithandler</Tag>
          <Memory>602718208</Memory>
        </MemoryCapture>
      </MemoryCaptures>
    </RecipeData>
    <RecipeData>
      <Barcode>0085533865</Barcode>
      <RecipeName>NS_BRD_4G</RecipeName>
      <MemoryCaptures>
        <MemoryCapture>
          <Tag>EntryHandler</Tag>
          <Memory>601907200</Memory>
        </MemoryCapture>
        <MemoryCapture>
          <Tag>exithandler</Tag>
          <Memory>596238336</Memory>
        </MemoryCapture>
      </MemoryCaptures>
    </RecipeData>
    <RecipeData>
      <Barcode>0085534044</Barcode>
      <RecipeName>NS_BRD_4G</RecipeName>
      <MemoryCaptures>
        <MemoryCapture>
          <Tag>EntryHandler</Tag>
          <Memory>595767296</Memory>
        </MemoryCapture>
        <MemoryCapture>
          <Tag>exithandler</Tag>
          <Memory>605556736</Memory>
        </MemoryCapture>
      </MemoryCaptures>
    </RecipeData>
    <RecipeData>
      <Barcode>0085534097</Barcode>
      <RecipeName>NS_BRD_4G</RecipeName>
      <MemoryCaptures>
        <MemoryCapture>
          <Tag>EntryHandler</Tag>
          <Memory>604647424</Memory>
        </MemoryCapture>
        <MemoryCapture>
          <Tag>exithandler</Tag>
          <Memory>605609984</Memory>
        </MemoryCapture>
      </MemoryCaptures>
    </RecipeData>
    <RecipeData>
      <Barcode>0085534059</Barcode>
      <RecipeName>NS_BRD_4G</RecipeName>
      <MemoryCaptures>
        <MemoryCapture>
          <Tag>EntryHandler</Tag>
          <Memory>604631040</Memory>
        </MemoryCapture>
        <MemoryCapture>
          <Tag>exithandler</Tag>
          <Memory>602152960</Memory>
        </MemoryCapture>
      </MemoryCaptures>
    </RecipeData>
    <RecipeData>
      <Barcode>0085532645</Barcode>
      <RecipeName>NS_BRD_4G</RecipeName>
      <MemoryCaptures>
        <MemoryCapture>
          <Tag>EntryHandler</Tag>
          <Memory>601481216</Memory>
        </MemoryCapture>
        <MemoryCapture>
          <Tag>exithandler</Tag>
          <Memory>601788416</Memory>
        </MemoryCapture>
      </MemoryCaptures>
    </RecipeData>
    <RecipeData>
      <Barcode>0085534533</Barcode>
      <RecipeName>NS_BRD_4G</RecipeName>
      <MemoryCaptures>
        <MemoryCapture>
          <Tag>EntryHandler</Tag>
          <Memory>600985600</Memory>
        </MemoryCapture>
        <MemoryCapture>
          <Tag>exithandler</Tag>
          <Memory>606081024</Memory>
        </MemoryCapture>
      </MemoryCaptures>
    </RecipeData>
    <RecipeData>
      <Barcode>0085534596</Barcode>
      <RecipeName>NS_BRD_4G</RecipeName>
      <MemoryCaptures>
        <MemoryCapture>
          <Tag>EntryHandler</Tag>
          <Memory>605630464</Memory>
        </MemoryCapture>
        <MemoryCapture>
          <Tag>exithandler</Tag>
          <Memory>601542656</Memory>
        </MemoryCapture>
      </MemoryCaptures>
    </RecipeData>
    <RecipeData>
      <Barcode>0085534362</Barcode>
      <RecipeName>NS_BRD_4G</RecipeName>
      <MemoryCaptures>
        <MemoryCapture>
          <Tag>EntryHandler</Tag>
          <Memory>600662016</Memory>
        </MemoryCapture>
        <MemoryCapture>
          <Tag>exithandler</Tag>
          <Memory>603983872</Memory>
        </MemoryCapture>
      </MemoryCaptures>
    </RecipeData>
    <RecipeData>
      <Barcode>0085535053</Barcode>
      <RecipeName>NS_BRD_4G</RecipeName>
      <MemoryCaptures>
        <MemoryCapture>
          <Tag>EntryHandler</Tag>
          <Memory>602624000</Memory>
        </MemoryCapture>
        <MemoryCapture>
          <Tag>exithandler</Tag>
          <Memory>605274112</Memory>
        </MemoryCapture>
      </MemoryCaptures>
    </RecipeData>
    <RecipeData>
      <Barcode>0085535036</Barcode>
      <RecipeName>NS_BRD_4G</RecipeName>
      <MemoryCaptures>
        <MemoryCapture>
          <Tag>EntryHandler</Tag>
          <Memory>604602368</Memory>
        </MemoryCapture>
        <MemoryCapture>
          <Tag>exithandler</Tag>
          <Memory>603398144</Memory>
        </MemoryCapture>
      </MemoryCaptures>
    </RecipeData>
    <RecipeData>
      <Barcode>0085530052</Barcode>
      <RecipeName>NS_BRD_4G</RecipeName>
      <MemoryCaptures>
        <MemoryCapture>
          <Tag>EntryHandler</Tag>
          <Memory>602812416</Memory>
        </MemoryCapture>
        <MemoryCapture>
          <Tag>exithandler</Tag>
          <Memory>604860416</Memory>
        </MemoryCapture>
      </MemoryCaptures>
    </RecipeData>
    <RecipeData>
      <Barcode>0085532004</Barcode>
      <RecipeName>NS_BRD_4G</RecipeName>
      <MemoryCaptures>
        <MemoryCapture>
          <Tag>EntryHandler</Tag>
          <Memory>604295168</Memory>
        </MemoryCapture>
        <MemoryCapture>
          <Tag>exithandler</Tag>
          <Memory>601161728</Memory>
        </MemoryCapture>
      </MemoryCaptures>
    </RecipeData>
    <RecipeData>
      <Barcode>0085535462</Barcode>
      <RecipeName>NS_BRD_4G</RecipeName>
      <MemoryCaptures>
        <MemoryCapture>
          <Tag>EntryHandler</Tag>
          <Memory>593281024</Memory>
        </MemoryCapture>
        <MemoryCapture>
          <Tag>exithandler</Tag>
          <Memory>605167616</Memory>
        </MemoryCapture>
      </MemoryCaptures>
    </RecipeData>
    <RecipeData>
      <Barcode>0085534865</Barcode>
      <RecipeName>NS_BRD_4G</RecipeName>
      <MemoryCaptures>
        <MemoryCapture>
          <Tag>EntryHandler</Tag>
          <Memory>604917760</Memory>
        </MemoryCapture>
        <MemoryCapture>
          <Tag>exithandler</Tag>
          <Memory>604725248</Memory>
        </MemoryCapture>
      </MemoryCaptures>
    </RecipeData>
    <RecipeData>
      <Barcode>0085535747</Barcode>
      <RecipeName>NS_BRD_4G</RecipeName>
      <MemoryCaptures>
        <MemoryCapture>
          <Tag>EntryHandler</Tag>
          <Memory>603512832</Memory>
        </MemoryCapture>
        <MemoryCapture>
          <Tag>exithandler</Tag>
          <Memory>480190464</Memory>
        </MemoryCapture>
      </MemoryCaptures>
    </RecipeData>
    <RecipeData>
      <Barcode>0085536256</Barcode>
      <RecipeName>NS_BRD_4G</RecipeName>
      <MemoryCaptures>
        <MemoryCapture>
          <Tag>EntryHandler</Tag>
          <Memory>479981568</Memory>
        </MemoryCapture>
        <MemoryCapture>
          <Tag>exithandler</Tag>
          <Memory>600670208</Memory>
        </MemoryCapture>
      </MemoryCaptures>
    </RecipeData>
    <RecipeData>
      <Barcode>0085535360</Barcode>
      <RecipeName>NS_BRD_4G</RecipeName>
      <MemoryCaptures>
        <MemoryCapture>
          <Tag>EntryHandler</Tag>
          <Memory>599461888</Memory>
        </MemoryCapture>
        <MemoryCapture>
          <Tag>exithandler</Tag>
          <Memory>511692800</Memory>
        </MemoryCapture>
      </MemoryCaptures>
    </RecipeData>
    <RecipeData>
      <Barcode>0085535410</Barcode>
      <RecipeName>NS_BRD_4G</RecipeName>
      <MemoryCaptures>
        <MemoryCapture>
          <Tag>EntryHandler</Tag>
          <Memory>511037440</Memory>
        </MemoryCapture>
        <MemoryCapture>
          <Tag>exithandler</Tag>
          <Memory>604573696</Memory>
        </MemoryCapture>
      </MemoryCaptures>
    </RecipeData>
    <RecipeData>
      <Barcode>0085535576</Barcode>
      <RecipeName>NS_BRD_4G</RecipeName>
      <MemoryCaptures>
        <MemoryCapture>
          <Tag>EntryHandler</Tag>
          <Memory>603922432</Memory>
        </MemoryCapture>
        <MemoryCapture>
          <Tag>exithandler</Tag>
          <Memory>605016064</Memory>
        </MemoryCapture>
      </MemoryCaptures>
    </RecipeData>
    <RecipeData>
      <Barcode>0085536361</Barcode>
      <RecipeName>NS_BRD_4G</RecipeName>
      <MemoryCaptures>
        <MemoryCapture>
          <Tag>EntryHandler</Tag>
          <Memory>603701248</Memory>
        </MemoryCapture>
        <MemoryCapture>
          <Tag>exithandler</Tag>
          <Memory>602001408</Memory>
        </MemoryCapture>
      </MemoryCaptures>
    </RecipeData>
    <RecipeData>
      <Barcode>0085536508</Barcode>
      <RecipeName>NS_BRD_4G</RecipeName>
      <MemoryCaptures>
        <MemoryCapture>
          <Tag>EntryHandler</Tag>
          <Memory>600772608</Memory>
        </MemoryCapture>
        <MemoryCapture>
          <Tag>exithandler</Tag>
          <Memory>604069888</Memory>
        </MemoryCapture>
      </MemoryCaptures>
    </RecipeData>
    <RecipeData>
      <Barcode>0085536606</Barcode>
      <RecipeName>NS_BRD_4G</RecipeName>
      <MemoryCaptures>
        <MemoryCapture>
          <Tag>EntryHandler</Tag>
          <Memory>602996736</Memory>
        </MemoryCapture>
        <MemoryCapture>
          <Tag>exithandler</Tag>
          <Memory>505077760</Memory>
        </MemoryCapture>
        <MemoryCapture>
          <Tag>exithandler</Tag>
          <Memory>527757312</Memory>
        </MemoryCapture>
      </MemoryCaptures>
    </RecipeData>
    <RecipeData>
      <Barcode>0085520005</Barcode>
      <RecipeName>NS_BRD_4G</RecipeName>
      <MemoryCaptures>
        <MemoryCapture>
          <Tag>EntryHandler</Tag>
          <Memory>527417344</Memory>
        </MemoryCapture>
        <MemoryCapture>
          <Tag>exithandler</Tag>
          <Memory>604553216</Memory>
        </MemoryCapture>
      </MemoryCaptures>
    </RecipeData>
    <RecipeData>
      <Barcode>0085537094</Barcode>
      <RecipeName>NS_BRD_4G</RecipeName>
      <MemoryCaptures>
        <MemoryCapture>
          <Tag>EntryHandler</Tag>
          <Memory>603807744</Memory>
        </MemoryCapture>
        <MemoryCapture>
          <Tag>exithandler</Tag>
          <Memory>607367168</Memory>
        </MemoryCapture>
      </MemoryCaptures>
    </RecipeData>
    <RecipeData>
      <Barcode>0085537119</Barcode>
      <RecipeName>NS_BRD_4G</RecipeName>
      <MemoryCaptures>
        <MemoryCapture>
          <Tag>EntryHandler</Tag>
          <Memory>606658560</Memory>
        </MemoryCapture>
        <MemoryCapture>
          <Tag>exithandler</Tag>
          <Memory>604225536</Memory>
        </MemoryCapture>
      </MemoryCaptures>
    </RecipeData>
    <RecipeData>
      <Barcode>0085536840</Barcode>
      <RecipeName>NS_BRD_4G</RecipeName>
      <MemoryCaptures>
        <MemoryCapture>
          <Tag>EntryHandler</Tag>
          <Memory>603611136</Memory>
        </MemoryCapture>
        <MemoryCapture>
          <Tag>exithandler</Tag>
          <Memory>607752192</Memory>
        </MemoryCapture>
      </MemoryCaptures>
    </RecipeData>
    <RecipeData>
      <Barcode>0085537257</Barcode>
      <RecipeName>NS_BRD_4G</RecipeName>
      <MemoryCaptures>
        <MemoryCapture>
          <Tag>EntryHandler</Tag>
          <Memory>606187520</Memory>
        </MemoryCapture>
        <MemoryCapture>
          <Tag>exithandler</Tag>
          <Memory>605609984</Memory>
        </MemoryCapture>
      </MemoryCaptures>
    </RecipeData>
    <RecipeData>
      <Barcode>0085537377</Barcode>
      <RecipeName>NS_BRD_4G</RecipeName>
      <MemoryCaptures>
        <MemoryCapture>
          <Tag>EntryHandler</Tag>
          <Memory>605323264</Memory>
        </MemoryCapture>
        <MemoryCapture>
          <Tag>exithandler</Tag>
          <Memory>606109696</Memory>
        </MemoryCapture>
      </MemoryCaptures>
    </RecipeData>
    <RecipeData>
      <Barcode>0085537505</Barcode>
      <RecipeName>NS_BRD_4G</RecipeName>
      <MemoryCaptures>
        <MemoryCapture>
          <Tag>EntryHandler</Tag>
          <Memory>605556736</Memory>
        </MemoryCapture>
        <MemoryCapture>
          <Tag>exithandler</Tag>
          <Memory>607293440</Memory>
        </MemoryCapture>
      </MemoryCaptures>
    </RecipeData>
    <RecipeData>
      <Barcode>0085530124</Barcode>
      <RecipeName>NS_BRD_4G</RecipeName>
      <MemoryCaptures>
        <MemoryCapture>
          <Tag>EntryHandler</Tag>
          <Memory>606375936</Memory>
        </MemoryCapture>
        <MemoryCapture>
          <Tag>exithandler</Tag>
          <Memory>603791360</Memory>
        </MemoryCapture>
      </MemoryCaptures>
    </RecipeData>
    <RecipeData>
      <Barcode>0085537680</Barcode>
      <RecipeName>NS_BRD_4G</RecipeName>
      <MemoryCaptures>
        <MemoryCapture>
          <Tag>EntryHandler</Tag>
          <Memory>602554368</Memory>
        </MemoryCapture>
        <MemoryCapture>
          <Tag>exithandler</Tag>
          <Memory>606195712</Memory>
        </MemoryCapture>
      </MemoryCaptures>
    </RecipeData>
    <RecipeData>
      <Barcode>0085537744</Barcode>
      <RecipeName>NS_BRD_4G</RecipeName>
      <MemoryCaptures>
        <MemoryCapture>
          <Tag>EntryHandler</Tag>
          <Memory>605290496</Memory>
        </MemoryCapture>
        <MemoryCapture>
          <Tag>exithandler</Tag>
          <Memory>606449664</Memory>
        </MemoryCapture>
      </MemoryCaptures>
    </RecipeData>
    <RecipeData>
      <Barcode>0085538072</Barcode>
      <RecipeName>NS_BRD_4G</RecipeName>
      <MemoryCaptures>
        <MemoryCapture>
          <Tag>EntryHandler</Tag>
          <Memory>605859840</Memory>
        </MemoryCapture>
        <MemoryCapture>
          <Tag>exithandler</Tag>
          <Memory>507023360</Memory>
        </MemoryCapture>
      </MemoryCaptures>
    </RecipeData>
    <RecipeData>
      <Barcode>0085538255</Barcode>
      <RecipeName>NS_BRD_4G</RecipeName>
      <MemoryCaptures>
        <MemoryCapture>
          <Tag>EntryHandler</Tag>
          <Memory>506134528</Memory>
        </MemoryCapture>
        <MemoryCapture>
          <Tag>exithandler</Tag>
          <Memory>605569024</Memory>
        </MemoryCapture>
      </MemoryCaptures>
    </RecipeData>
    <RecipeData>
      <Barcode>0085538029</Barcode>
      <RecipeName>NS_BRD_4G</RecipeName>
      <MemoryCaptures>
        <MemoryCapture>
          <Tag>EntryHandler</Tag>
          <Memory>604327936</Memory>
        </MemoryCapture>
        <MemoryCapture>
          <Tag>exithandler</Tag>
          <Memory>607490048</Memory>
        </MemoryCapture>
      </MemoryCaptures>
    </RecipeData>
    <RecipeData>
      <Barcode>0085538848</Barcode>
      <RecipeName>NS_BRD_4G</RecipeName>
      <MemoryCaptures>
        <MemoryCapture>
          <Tag>EntryHandler</Tag>
          <Memory>510976000</Memory>
        </MemoryCapture>
        <MemoryCapture>
          <Tag>exithandler</Tag>
          <Memory>535011328</Memory>
        </MemoryCapture>
      </MemoryCaptures>
    </RecipeData>
    <RecipeData>
      <Barcode>0085538426</Barcode>
      <RecipeName>NS_BRD_4G</RecipeName>
      <MemoryCaptures>
        <MemoryCapture>
          <Tag>EntryHandler</Tag>
          <Memory>534155264</Memory>
        </MemoryCapture>
        <MemoryCapture>
          <Tag>exithandler</Tag>
          <Memory>536485888</Memory>
        </MemoryCapture>
      </MemoryCaptures>
    </RecipeData>
    <RecipeData>
      <Barcode>0085539006</Barcode>
      <RecipeName>NS_BRD_4G</RecipeName>
      <MemoryCaptures>
        <MemoryCapture>
          <Tag>EntryHandler</Tag>
          <Memory>536121344</Memory>
        </MemoryCapture>
        <MemoryCapture>
          <Tag>exithandler</Tag>
          <Memory>530554880</Memory>
        </MemoryCapture>
      </MemoryCaptures>
    </RecipeData>
    <RecipeData>
      <Barcode>0085539042</Barcode>
      <RecipeName>NS_BRD_4G</RecipeName>
      <MemoryCaptures>
        <MemoryCapture>
          <Tag>EntryHandler</Tag>
          <Memory>529620992</Memory>
        </MemoryCapture>
        <MemoryCapture>
          <Tag>exithandler</Tag>
          <Memory>534708224</Memory>
        </MemoryCapture>
      </MemoryCaptures>
    </RecipeData>
    <RecipeData>
      <Barcode>0085538565</Barcode>
      <RecipeName>NS_BRD_4G</RecipeName>
      <MemoryCaptures>
        <MemoryCapture>
          <Tag>EntryHandler</Tag>
          <Memory>533778432</Memory>
        </MemoryCapture>
        <MemoryCapture>
          <Tag>exithandler</Tag>
          <Memory>536186880</Memory>
        </MemoryCapture>
      </MemoryCaptures>
    </RecipeData>
    <RecipeData>
      <Barcode>0085539125</Barcode>
      <RecipeName>NS_BRD_4G</RecipeName>
      <MemoryCaptures>
        <MemoryCapture>
          <Tag>EntryHandler</Tag>
          <Memory>535236608</Memory>
        </MemoryCapture>
        <MemoryCapture>
          <Tag>exithandler</Tag>
          <Memory>532865024</Memory>
        </MemoryCapture>
      </MemoryCaptures>
    </RecipeData>
    <RecipeData>
      <Barcode>0085539056</Barcode>
      <RecipeName>NS_BRD_4G</RecipeName>
      <MemoryCaptures>
        <MemoryCapture>
          <Tag>EntryHandler</Tag>
          <Memory>532672512</Memory>
        </MemoryCapture>
        <MemoryCapture>
          <Tag>exithandler</Tag>
          <Memory>538943488</Memory>
        </MemoryCapture>
      </MemoryCaptures>
    </RecipeData>
    <RecipeData>
      <Barcode>0085539982</Barcode>
      <RecipeName>NS_BRD_4G</RecipeName>
      <MemoryCaptures>
        <MemoryCapture>
          <Tag>EntryHandler</Tag>
          <Memory>530829312</Memory>
        </MemoryCapture>
        <MemoryCapture>
          <Tag>exithandler</Tag>
          <Memory>535379968</Memory>
        </MemoryCapture>
      </MemoryCaptures>
    </RecipeData>
    <RecipeData>
      <Barcode>0085539921</Barcode>
      <RecipeName>NS_BRD_4G</RecipeName>
      <MemoryCaptures>
        <MemoryCapture>
          <Tag>EntryHandler</Tag>
          <Memory>534487040</Memory>
        </MemoryCapture>
        <MemoryCapture>
          <Tag>exithandler</Tag>
          <Memory>537456640</Memory>
        </MemoryCapture>
      </MemoryCaptures>
    </RecipeData>
    <RecipeData>
      <Barcode>0085539906</Barcode>
      <RecipeName>NS_BRD_4G</RecipeName>
      <MemoryCaptures>
        <MemoryCapture>
          <Tag>EntryHandler</Tag>
          <Memory>536522752</Memory>
        </MemoryCapture>
        <MemoryCapture>
          <Tag>exithandler</Tag>
          <Memory>537612288</Memory>
        </MemoryCapture>
      </MemoryCaptures>
    </RecipeData>
    <RecipeData>
      <Barcode>0085541166</Barcode>
      <RecipeName>NS_BRD_4G</RecipeName>
      <MemoryCaptures>
        <MemoryCapture>
          <Tag>EntryHandler</Tag>
          <Memory>536920064</Memory>
        </MemoryCapture>
        <MemoryCapture>
          <Tag>exithandler</Tag>
          <Memory>536997888</Memory>
        </MemoryCapture>
      </MemoryCaptures>
    </RecipeData>
    <RecipeData>
      <Barcode>0085540268</Barcode>
      <RecipeName>NS_BRD_4G</RecipeName>
      <MemoryCaptures>
        <MemoryCapture>
          <Tag>EntryHandler</Tag>
          <Memory>536211456</Memory>
        </MemoryCapture>
        <MemoryCapture>
          <Tag>exithandler</Tag>
          <Memory>538009600</Memory>
        </MemoryCapture>
      </MemoryCaptures>
    </RecipeData>
    <RecipeData>
      <Barcode>0085540296</Barcode>
      <RecipeName>NS_BRD_4G</RecipeName>
      <MemoryCaptures>
        <MemoryCapture>
          <Tag>EntryHandler</Tag>
          <Memory>537432064</Memory>
        </MemoryCapture>
        <MemoryCapture>
          <Tag>exithandler</Tag>
          <Memory>511893504</Memory>
        </MemoryCapture>
      </MemoryCaptures>
    </RecipeData>
    <RecipeData>
      <Barcode>0085540667</Barcode>
      <RecipeName>NS_BRD_4G</RecipeName>
      <MemoryCaptures>
        <MemoryCapture>
          <Tag>EntryHandler</Tag>
          <Memory>504008704</Memory>
        </MemoryCapture>
        <MemoryCapture>
          <Tag>exithandler</Tag>
          <Memory>530554880</Memory>
        </MemoryCapture>
      </MemoryCaptures>
    </RecipeData>
    <RecipeData>
      <Barcode>0085541769</Barcode>
      <RecipeName>NS_BRD_4G</RecipeName>
      <MemoryCaptures>
        <MemoryCapture>
          <Tag>EntryHandler</Tag>
          <Memory>530321408</Memory>
        </MemoryCapture>
        <MemoryCapture>
          <Tag>exithandler</Tag>
          <Memory>511021056</Memory>
        </MemoryCapture>
      </MemoryCaptures>
    </RecipeData>
    <RecipeData>
      <Barcode>0085541743</Barcode>
      <RecipeName>NS_BRD_4G</RecipeName>
      <MemoryCaptures>
        <MemoryCapture>
          <Tag>EntryHandler</Tag>
          <Memory>510615552</Memory>
        </MemoryCapture>
        <MemoryCapture>
          <Tag>exithandler</Tag>
          <Memory>412856320</Memory>
        </MemoryCapture>
      </MemoryCaptures>
    </RecipeData>
    <RecipeData>
      <Barcode>0085541646</Barcode>
      <RecipeName>NS_BRD_4G</RecipeName>
      <MemoryCaptures>
        <MemoryCapture>
          <Tag>EntryHandler</Tag>
          <Memory>411295744</Memory>
        </MemoryCapture>
        <MemoryCapture>
          <Tag>exithandler</Tag>
          <Memory>524136448</Memory>
        </MemoryCapture>
      </MemoryCaptures>
    </RecipeData>
    <RecipeData>
      <Barcode>0085541936</Barcode>
      <RecipeName>NS_BRD_4G</RecipeName>
      <MemoryCaptures>
        <MemoryCapture>
          <Tag>EntryHandler</Tag>
          <Memory>523960320</Memory>
        </MemoryCapture>
        <MemoryCapture>
          <Tag>exithandler</Tag>
          <Memory>534900736</Memory>
        </MemoryCapture>
      </MemoryCaptures>
    </RecipeData>
    <RecipeData>
      <Barcode>0085542019</Barcode>
      <RecipeName>NS_BRD_4G</RecipeName>
      <MemoryCaptures>
        <MemoryCapture>
          <Tag>EntryHandler</Tag>
          <Memory>534429696</Memory>
        </MemoryCapture>
        <MemoryCapture>
          <Tag>exithandler</Tag>
          <Memory>535040000</Memory>
        </MemoryCapture>
      </MemoryCaptures>
    </RecipeData>
    <RecipeData>
      <Barcode>0085541800</Barcode>
      <RecipeName>NS_BRD_4G</RecipeName>
      <MemoryCaptures>
        <MemoryCapture>
          <Tag>EntryHandler</Tag>
          <Memory>534867968</Memory>
        </MemoryCapture>
        <MemoryCapture>
          <Tag>exithandler</Tag>
          <Memory>538820608</Memory>
        </MemoryCapture>
      </MemoryCaptures>
    </RecipeData>
    <RecipeData>
      <Barcode>0085542150</Barcode>
      <RecipeName>NS_BRD_4G</RecipeName>
      <MemoryCaptures>
        <MemoryCapture>
          <Tag>EntryHandler</Tag>
          <Memory>538062848</Memory>
        </MemoryCapture>
        <MemoryCapture>
          <Tag>exithandler</Tag>
          <Memory>440569856</Memory>
        </MemoryCapture>
      </MemoryCaptures>
    </RecipeData>
    <RecipeData>
      <Barcode>0085542355</Barcode>
      <RecipeName>NS_BRD_4G</RecipeName>
      <MemoryCaptures>
        <MemoryCapture>
          <Tag>EntryHandler</Tag>
          <Memory>435462144</Memory>
        </MemoryCapture>
        <MemoryCapture>
          <Tag>exithandler</Tag>
          <Memory>536449024</Memory>
        </MemoryCapture>
      </MemoryCaptures>
    </RecipeData>
    <RecipeData>
      <Barcode>0085542520</Barcode>
      <RecipeName>NS_BRD_4G</RecipeName>
      <MemoryCaptures>
        <MemoryCapture>
          <Tag>EntryHandler</Tag>
          <Memory>535429120</Memory>
        </MemoryCapture>
        <MemoryCapture>
          <Tag>exithandler</Tag>
          <Memory>537939968</Memory>
        </MemoryCapture>
      </MemoryCaptures>
    </RecipeData>
    <RecipeData>
      <Barcode>0085542412</Barcode>
      <RecipeName>NS_BRD_4G</RecipeName>
      <MemoryCaptures>
        <MemoryCapture>
          <Tag>EntryHandler</Tag>
          <Memory>537108480</Memory>
        </MemoryCapture>
        <MemoryCapture>
          <Tag>exithandler</Tag>
          <Memory>535834624</Memory>
        </MemoryCapture>
      </MemoryCaptures>
    </RecipeData>
    <RecipeData>
      <Barcode>0085542597</Barcode>
      <RecipeName>NS_BRD_4G</RecipeName>
      <MemoryCaptures>
        <MemoryCapture>
          <Tag>EntryHandler</Tag>
          <Memory>534818816</Memory>
        </MemoryCapture>
        <MemoryCapture>
          <Tag>exithandler</Tag>
          <Memory>538746880</Memory>
        </MemoryCapture>
      </MemoryCaptures>
    </RecipeData>
    <RecipeData>
      <Barcode>0085542176</Barcode>
      <RecipeName>NS_BRD_4G</RecipeName>
      <MemoryCaptures>
        <MemoryCapture>
          <Tag>EntryHandler</Tag>
          <Memory>538198016</Memory>
        </MemoryCapture>
        <MemoryCapture>
          <Tag>exithandler</Tag>
          <Memory>537247744</Memory>
        </MemoryCapture>
      </MemoryCaptures>
    </RecipeData>
    <RecipeData>
      <Barcode>0085540959</Barcode>
      <RecipeName>NS_BRD_4G</RecipeName>
      <MemoryCaptures>
        <MemoryCapture>
          <Tag>EntryHandler</Tag>
          <Memory>536539136</Memory>
        </MemoryCapture>
        <MemoryCapture>
          <Tag>exithandler</Tag>
          <Memory>512602112</Memory>
        </MemoryCapture>
      </MemoryCaptures>
    </RecipeData>
    <RecipeData>
      <Barcode>0085542649</Barcode>
      <RecipeName>NS_BRD_4G</RecipeName>
      <MemoryCaptures>
        <MemoryCapture>
          <Tag>EntryHandler</Tag>
          <Memory>512380928</Memory>
        </MemoryCapture>
        <MemoryCapture>
          <Tag>exithandler</Tag>
          <Memory>532819968</Memory>
        </MemoryCapture>
      </MemoryCaptures>
    </RecipeData>
    <RecipeData>
      <Barcode>0085542665</Barcode>
      <RecipeName>NS_BRD_4G</RecipeName>
      <MemoryCaptures>
        <MemoryCapture>
          <Tag>EntryHandler</Tag>
          <Memory>532267008</Memory>
        </MemoryCapture>
        <MemoryCapture>
          <Tag>exithandler</Tag>
          <Memory>529219584</Memory>
        </MemoryCapture>
      </MemoryCaptures>
    </RecipeData>
    <RecipeData>
      <Barcode>0085542697</Barcode>
      <RecipeName>NS_BRD_4G</RecipeName>
      <MemoryCaptures>
        <MemoryCapture>
          <Tag>EntryHandler</Tag>
          <Memory>528777216</Memory>
        </MemoryCapture>
        <MemoryCapture>
          <Tag>exithandler</Tag>
          <Memory>537239552</Memory>
        </MemoryCapture>
      </MemoryCaptures>
    </RecipeData>
    <RecipeData>
      <Barcode>0085542780</Barcode>
      <RecipeName>NS_BRD_4G</RecipeName>
      <MemoryCaptures>
        <MemoryCapture>
          <Tag>EntryHandler</Tag>
          <Memory>536297472</Memory>
        </MemoryCapture>
        <MemoryCapture>
          <Tag>exithandler</Tag>
          <Memory>536027136</Memory>
        </MemoryCapture>
      </MemoryCaptures>
    </RecipeData>
    <RecipeData>
      <Barcode>0085542718</Barcode>
      <RecipeName>NS_BRD_4G</RecipeName>
      <MemoryCaptures>
        <MemoryCapture>
          <Tag>EntryHandler</Tag>
          <Memory>535089152</Memory>
        </MemoryCapture>
        <MemoryCapture>
          <Tag>exithandler</Tag>
          <Memory>560398336</Memory>
        </MemoryCapture>
      </MemoryCaptures>
    </RecipeData>
    <RecipeData>
      <Barcode>0085539944</Barcode>
      <RecipeName>NS_BRD_4G</RecipeName>
      <MemoryCaptures>
        <MemoryCapture>
          <Tag>EntryHandler</Tag>
          <Memory>560943104</Memory>
        </MemoryCapture>
        <MemoryCapture>
          <Tag>exithandler</Tag>
          <Memory>536928256</Memory>
        </MemoryCapture>
      </MemoryCaptures>
    </RecipeData>
    <RecipeData>
      <Barcode>0085543044</Barcode>
      <RecipeName>NS_BRD_4G</RecipeName>
      <MemoryCaptures>
        <MemoryCapture>
          <Tag>EntryHandler</Tag>
          <Memory>536399872</Memory>
        </MemoryCapture>
        <MemoryCapture>
          <Tag>exithandler</Tag>
          <Memory>538644480</Memory>
        </MemoryCapture>
      </MemoryCaptures>
    </RecipeData>
    <RecipeData>
      <Barcode>0085542964</Barcode>
      <RecipeName>NS_BRD_4G</RecipeName>
      <MemoryCaptures>
        <MemoryCapture>
          <Tag>EntryHandler</Tag>
          <Memory>538185728</Memory>
        </MemoryCapture>
        <MemoryCapture>
          <Tag>exithandler</Tag>
          <Memory>530763776</Memory>
        </MemoryCapture>
      </MemoryCaptures>
    </RecipeData>
    <RecipeData>
      <Barcode>0085542650</Barcode>
      <RecipeName>NS_BRD_4G</RecipeName>
      <MemoryCaptures>
        <MemoryCapture>
          <Tag>EntryHandler</Tag>
          <Memory>529100800</Memory>
        </MemoryCapture>
        <MemoryCapture>
          <Tag>exithandler</Tag>
          <Memory>536391680</Memory>
        </MemoryCapture>
      </MemoryCaptures>
    </RecipeData>
    <RecipeData>
      <Barcode>0085542970</Barcode>
      <RecipeName>NS_BRD_4G</RecipeName>
      <MemoryCaptures>
        <MemoryCapture>
          <Tag>EntryHandler</Tag>
          <Memory>536195072</Memory>
        </MemoryCapture>
        <MemoryCapture>
          <Tag>exithandler</Tag>
          <Memory>537300992</Memory>
        </MemoryCapture>
      </MemoryCaptures>
    </RecipeData>
    <RecipeData>
      <Barcode>0085542870</Barcode>
      <RecipeName>NS_BRD_4G</RecipeName>
      <MemoryCaptures>
        <MemoryCapture>
          <Tag>EntryHandler</Tag>
          <Memory>536342528</Memory>
        </MemoryCapture>
        <MemoryCapture>
          <Tag>exithandler</Tag>
          <Memory>532586496</Memory>
        </MemoryCapture>
      </MemoryCaptures>
    </RecipeData>
    <RecipeData>
      <Barcode>0085543266</Barcode>
      <RecipeName>NS_BRD_4G</RecipeName>
      <MemoryCaptures>
        <MemoryCapture>
          <Tag>EntryHandler</Tag>
          <Memory>531611648</Memory>
        </MemoryCapture>
        <MemoryCapture>
          <Tag>exithandler</Tag>
          <Memory>536432640</Memory>
        </MemoryCapture>
      </MemoryCaptures>
    </RecipeData>
    <RecipeData>
      <Barcode>0085543201</Barcode>
      <RecipeName>NS_BRD_4G</RecipeName>
      <MemoryCaptures>
        <MemoryCapture>
          <Tag>EntryHandler</Tag>
          <Memory>535961600</Memory>
        </MemoryCapture>
        <MemoryCapture>
          <Tag>exithandler</Tag>
          <Memory>540487680</Memory>
        </MemoryCapture>
      </MemoryCaptures>
    </RecipeData>
    <RecipeData>
      <Barcode>0085543174</Barcode>
      <RecipeName>NS_BRD_4G</RecipeName>
      <MemoryCaptures>
        <MemoryCapture>
          <Tag>EntryHandler</Tag>
          <Memory>539152384</Memory>
        </MemoryCapture>
        <MemoryCapture>
          <Tag>exithandler</Tag>
          <Memory>536162304</Memory>
        </MemoryCapture>
      </MemoryCaptures>
    </RecipeData>
    <RecipeData>
      <Barcode>0085543318</Barcode>
      <RecipeName>NS_BRD_4G</RecipeName>
      <MemoryCaptures>
        <MemoryCapture>
          <Tag>EntryHandler</Tag>
          <Memory>535773184</Memory>
        </MemoryCapture>
        <MemoryCapture>
          <Tag>exithandler</Tag>
          <Memory>537600000</Memory>
        </MemoryCapture>
      </MemoryCaptures>
    </RecipeData>
    <RecipeData>
      <Barcode>0085543277</Barcode>
      <RecipeName>NS_BRD_4G</RecipeName>
      <MemoryCaptures>
        <MemoryCapture>
          <Tag>EntryHandler</Tag>
          <Memory>536502272</Memory>
        </MemoryCapture>
        <MemoryCapture>
          <Tag>exithandler</Tag>
          <Memory>539987968</Memory>
        </MemoryCapture>
      </MemoryCaptures>
    </RecipeData>
    <RecipeData>
      <Barcode>0085543813</Barcode>
      <RecipeName>NS_BRD_4G</RecipeName>
      <MemoryCaptures>
        <MemoryCapture>
          <Tag>EntryHandler</Tag>
          <Memory>538923008</Memory>
        </MemoryCapture>
        <MemoryCapture>
          <Tag>exithandler</Tag>
          <Memory>538730496</Memory>
        </MemoryCapture>
      </MemoryCaptures>
    </RecipeData>
    <RecipeData>
      <Barcode>0085543849</Barcode>
      <RecipeName>NS_BRD_4G</RecipeName>
      <MemoryCaptures>
        <MemoryCapture>
          <Tag>EntryHandler</Tag>
          <Memory>538148864</Memory>
        </MemoryCapture>
        <MemoryCapture>
          <Tag>exithandler</Tag>
          <Memory>539750400</Memory>
        </MemoryCapture>
      </MemoryCaptures>
    </RecipeData>
    <RecipeData>
      <Barcode>0085544161</Barcode>
      <RecipeName>NS_BRD_4G</RecipeName>
      <MemoryCaptures>
        <MemoryCapture>
          <Tag>EntryHandler</Tag>
          <Memory>530681856</Memory>
        </MemoryCapture>
        <MemoryCapture>
          <Tag>exithandler</Tag>
          <Memory>535875584</Memory>
        </MemoryCapture>
      </MemoryCaptures>
    </RecipeData>
    <RecipeData>
      <Barcode>0085543408</Barcode>
      <RecipeName>NS_BRD_4G</RecipeName>
      <MemoryCaptures>
        <MemoryCapture>
          <Tag>EntryHandler</Tag>
          <Memory>534822912</Memory>
        </MemoryCapture>
        <MemoryCapture>
          <Tag>exithandler</Tag>
          <Memory>538771456</Memory>
        </MemoryCapture>
      </MemoryCaptures>
    </RecipeData>
    <RecipeData>
      <Barcode>0085543420</Barcode>
      <RecipeName>NS_BRD_4G</RecipeName>
      <MemoryCaptures>
        <MemoryCapture>
          <Tag>EntryHandler</Tag>
          <Memory>537333760</Memory>
        </MemoryCapture>
        <MemoryCapture>
          <Tag>exithandler</Tag>
          <Memory>537419776</Memory>
        </MemoryCapture>
      </MemoryCaptures>
    </RecipeData>
    <RecipeData>
      <Barcode>0085544009</Barcode>
      <RecipeName>NS_BRD_4G</RecipeName>
      <MemoryCaptures>
        <MemoryCapture>
          <Tag>EntryHandler</Tag>
          <Memory>536731648</Memory>
        </MemoryCapture>
        <MemoryCapture>
          <Tag>exithandler</Tag>
          <Memory>536854528</Memory>
        </MemoryCapture>
      </MemoryCaptures>
    </RecipeData>
    <RecipeData>
      <Barcode>0085544246</Barcode>
      <RecipeName>NS_BRD_4G</RecipeName>
      <MemoryCaptures>
        <MemoryCapture>
          <Tag>EntryHandler</Tag>
          <Memory>535814144</Memory>
        </MemoryCapture>
        <MemoryCapture>
          <Tag>exithandler</Tag>
          <Memory>539701248</Memory>
        </MemoryCapture>
      </MemoryCaptures>
    </RecipeData>
    <RecipeData>
      <Barcode>0085544262</Barcode>
      <RecipeName>NS_BRD_4G</RecipeName>
      <MemoryCaptures>
        <MemoryCapture>
          <Tag>EntryHandler</Tag>
          <Memory>539099136</Memory>
        </MemoryCapture>
        <MemoryCapture>
          <Tag>exithandler</Tag>
          <Memory>538972160</Memory>
        </MemoryCapture>
      </MemoryCaptures>
    </RecipeData>
    <RecipeData>
      <Barcode>0085543960</Barcode>
      <RecipeName>NS_BRD_4G</RecipeName>
      <MemoryCaptures>
        <MemoryCapture>
          <Tag>EntryHandler</Tag>
          <Memory>538206208</Memory>
        </MemoryCapture>
        <MemoryCapture>
          <Tag>exithandler</Tag>
          <Memory>537247744</Memory>
        </MemoryCapture>
      </MemoryCaptures>
    </RecipeData>
    <RecipeData>
      <Barcode>0085543591</Barcode>
      <RecipeName>NS_BRD_4G</RecipeName>
      <MemoryCaptures>
        <MemoryCapture>
          <Tag>EntryHandler</Tag>
          <Memory>535949312</Memory>
        </MemoryCapture>
        <MemoryCapture>
          <Tag>exithandler</Tag>
          <Memory>550604800</Memory>
        </MemoryCapture>
      </MemoryCaptures>
    </RecipeData>
    <RecipeData>
      <Barcode>0085543607</Barcode>
      <RecipeName>NS_BRD_4G</RecipeName>
      <MemoryCaptures>
        <MemoryCapture>
          <Tag>EntryHandler</Tag>
          <Memory>550916096</Memory>
        </MemoryCapture>
        <MemoryCapture>
          <Tag>exithandler</Tag>
          <Memory>558231552</Memory>
        </MemoryCapture>
      </MemoryCaptures>
    </RecipeData>
    <RecipeData>
      <Barcode>0085544289</Barcode>
      <RecipeName>NS_BRD_4G</RecipeName>
      <MemoryCaptures>
        <MemoryCapture>
          <Tag>EntryHandler</Tag>
          <Memory>556515328</Memory>
        </MemoryCapture>
        <MemoryCapture>
          <Tag>exithandler</Tag>
          <Memory>444887040</Memory>
        </MemoryCapture>
      </MemoryCaptures>
    </RecipeData>
    <RecipeData>
      <Barcode>0085544392</Barcode>
      <RecipeName>NS_BRD_4G</RecipeName>
      <MemoryCaptures>
        <MemoryCapture>
          <Tag>EntryHandler</Tag>
          <Memory>444334080</Memory>
        </MemoryCapture>
        <MemoryCapture>
          <Tag>exithandler</Tag>
          <Memory>543313920</Memory>
        </MemoryCapture>
      </MemoryCaptures>
    </RecipeData>
    <RecipeData>
      <Barcode>0085544418</Barcode>
      <RecipeName>NS_BRD_4G</RecipeName>
      <MemoryCaptures>
        <MemoryCapture>
          <Tag>EntryHandler</Tag>
          <Memory>542670848</Memory>
        </MemoryCapture>
        <MemoryCapture>
          <Tag>exithandler</Tag>
          <Memory>535375872</Memory>
        </MemoryCapture>
      </MemoryCaptures>
    </RecipeData>
    <RecipeData>
      <Barcode>0085544570</Barcode>
      <RecipeName>NS_BRD_4G</RecipeName>
      <MemoryCaptures>
        <MemoryCapture>
          <Tag>EntryHandler</Tag>
          <Memory>535846912</Memory>
        </MemoryCapture>
        <MemoryCapture>
          <Tag>exithandler</Tag>
          <Memory>541167616</Memory>
        </MemoryCapture>
      </MemoryCaptures>
    </RecipeData>
    <RecipeData>
      <Barcode>0085544322</Barcode>
      <RecipeName>NS_BRD_4G</RecipeName>
      <MemoryCaptures>
        <MemoryCapture>
          <Tag>EntryHandler</Tag>
          <Memory>540942336</Memory>
        </MemoryCapture>
        <MemoryCapture>
          <Tag>exithandler</Tag>
          <Memory>535912448</Memory>
        </MemoryCapture>
      </MemoryCaptures>
    </RecipeData>
    <RecipeData>
      <Barcode>0085545103</Barcode>
      <RecipeName>NS_BRD_4G</RecipeName>
      <MemoryCaptures>
        <MemoryCapture>
          <Tag>EntryHandler</Tag>
          <Memory>535744512</Memory>
        </MemoryCapture>
        <MemoryCapture>
          <Tag>exithandler</Tag>
          <Memory>540676096</Memory>
        </MemoryCapture>
      </MemoryCaptures>
    </RecipeData>
    <RecipeData>
      <Barcode>0085544442</Barcode>
      <RecipeName>NS_BRD_4G</RecipeName>
      <MemoryCaptures>
        <MemoryCapture>
          <Tag>EntryHandler</Tag>
          <Memory>539348992</Memory>
        </MemoryCapture>
        <MemoryCapture>
          <Tag>exithandler</Tag>
          <Memory>544907264</Memory>
        </MemoryCapture>
      </MemoryCaptures>
    </RecipeData>
    <RecipeData>
      <Barcode>0085529049</Barcode>
      <RecipeName>NS_BRD_4G</RecipeName>
      <MemoryCaptures>
        <MemoryCapture>
          <Tag>EntryHandler</Tag>
          <Memory>544329728</Memory>
        </MemoryCapture>
        <MemoryCapture>
          <Tag>exithandler</Tag>
          <Memory>543952896</Memory>
        </MemoryCapture>
      </MemoryCaptures>
    </RecipeData>
    <RecipeData>
      <Barcode>0085545252</Barcode>
      <RecipeName>NS_BRD_4G</RecipeName>
      <MemoryCaptures>
        <MemoryCapture>
          <Tag>EntryHandler</Tag>
          <Memory>543096832</Memory>
        </MemoryCapture>
        <MemoryCapture>
          <Tag>exithandler</Tag>
          <Memory>541536256</Memory>
        </MemoryCapture>
      </MemoryCaptures>
    </RecipeData>
    <RecipeData>
      <Barcode>0085544199</Barcode>
      <RecipeName>NS_BRD_4G</RecipeName>
      <MemoryCaptures>
        <MemoryCapture>
          <Tag>EntryHandler</Tag>
          <Memory>541265920</Memory>
        </MemoryCapture>
        <MemoryCapture>
          <Tag>exithandler</Tag>
          <Memory>543731712</Memory>
        </MemoryCapture>
      </MemoryCaptures>
    </RecipeData>
    <RecipeData>
      <Barcode>0085545760</Barcode>
      <RecipeName>NS_BRD_4G</RecipeName>
      <MemoryCaptures>
        <MemoryCapture>
          <Tag>EntryHandler</Tag>
          <Memory>543059968</Memory>
        </MemoryCapture>
        <MemoryCapture>
          <Tag>exithandler</Tag>
          <Memory>544395264</Memory>
        </MemoryCapture>
      </MemoryCaptures>
    </RecipeData>
    <RecipeData>
      <Barcode>0085545853</Barcode>
      <RecipeName>NS_BRD_4G</RecipeName>
      <MemoryCaptures>
        <MemoryCapture>
          <Tag>EntryHandler</Tag>
          <Memory>543875072</Memory>
        </MemoryCapture>
        <MemoryCapture>
          <Tag>exithandler</Tag>
          <Memory>516722688</Memory>
        </MemoryCapture>
      </MemoryCaptures>
    </RecipeData>
    <RecipeData>
      <Barcode>0085545375</Barcode>
      <RecipeName>NS_BRD_4G</RecipeName>
      <MemoryCaptures>
        <MemoryCapture>
          <Tag>EntryHandler</Tag>
          <Memory>516939776</Memory>
        </MemoryCapture>
        <MemoryCapture>
          <Tag>exithandler</Tag>
          <Memory>538664960</Memory>
        </MemoryCapture>
      </MemoryCaptures>
    </RecipeData>
    <RecipeData>
      <Barcode>0085544683</Barcode>
      <RecipeName>NS_BRD_4G</RecipeName>
      <MemoryCaptures>
        <MemoryCapture>
          <Tag>EntryHandler</Tag>
          <Memory>537903104</Memory>
        </MemoryCapture>
        <MemoryCapture>
          <Tag>exithandler</Tag>
          <Memory>444596224</Memory>
        </MemoryCapture>
      </MemoryCaptures>
    </RecipeData>
    <RecipeData>
      <Barcode>0085546021</Barcode>
      <RecipeName>NS_BRD_4G</RecipeName>
      <MemoryCaptures>
        <MemoryCapture>
          <Tag>EntryHandler</Tag>
          <Memory>443506688</Memory>
        </MemoryCapture>
        <MemoryCapture>
          <Tag>exithandler</Tag>
          <Memory>543236096</Memory>
        </MemoryCapture>
      </MemoryCaptures>
    </RecipeData>
    <RecipeData>
      <Barcode>0085546780</Barcode>
      <RecipeName>NS_BRD_4G</RecipeName>
      <MemoryCaptures>
        <MemoryCapture>
          <Tag>EntryHandler</Tag>
          <Memory>542015488</Memory>
        </MemoryCapture>
        <MemoryCapture>
          <Tag>exithandler</Tag>
          <Memory>536682496</Memory>
        </MemoryCapture>
      </MemoryCaptures>
    </RecipeData>
    <RecipeData>
      <Barcode>0085546799</Barcode>
      <RecipeName>NS_BRD_4G</RecipeName>
      <MemoryCaptures>
        <MemoryCapture>
          <Tag>EntryHandler</Tag>
          <Memory>536440832</Memory>
        </MemoryCapture>
        <MemoryCapture>
          <Tag>exithandler</Tag>
          <Memory>537853952</Memory>
        </MemoryCapture>
      </MemoryCaptures>
    </RecipeData>
    <RecipeData>
      <Barcode>0085544142</Barcode>
      <RecipeName>NS_BRD_4G</RecipeName>
      <MemoryCaptures>
        <MemoryCapture>
          <Tag>EntryHandler</Tag>
          <Memory>529821696</Memory>
        </MemoryCapture>
        <MemoryCapture>
          <Tag>exithandler</Tag>
          <Memory>442675200</Memory>
        </MemoryCapture>
      </MemoryCaptures>
    </RecipeData>
    <RecipeData>
      <Barcode>0085543876</Barcode>
      <RecipeName>NS_BRD_4G</RecipeName>
      <MemoryCaptures>
        <MemoryCapture>
          <Tag>EntryHandler</Tag>
          <Memory>438140928</Memory>
        </MemoryCapture>
        <MemoryCapture>
          <Tag>exithandler</Tag>
          <Memory>541401088</Memory>
        </MemoryCapture>
        <MemoryCapture>
          <Tag>exithandler</Tag>
          <Memory>564334592</Memory>
        </MemoryCapture>
        <MemoryCapture>
          <Tag>exithandler</Tag>
          <Memory>584015872</Memory>
        </MemoryCapture>
      </MemoryCaptures>
    </RecipeData>
    <RecipeData>
      <Barcode>0085544323</Barcode>
      <RecipeName>NS_BRD_4G</RecipeName>
      <MemoryCaptures>
        <MemoryCapture>
          <Tag>EntryHandler</Tag>
          <Memory>581431296</Memory>
        </MemoryCapture>
        <MemoryCapture>
          <Tag>exithandler</Tag>
          <Memory>540045312</Memory>
        </MemoryCapture>
      </MemoryCaptures>
    </RecipeData>
    <RecipeData>
      <Barcode>0085549228</Barcode>
      <RecipeName>NS_BRD_4G</RecipeName>
      <MemoryCaptures>
        <MemoryCapture>
          <Tag>EntryHandler</Tag>
          <Memory>531300352</Memory>
        </MemoryCapture>
        <MemoryCapture>
          <Tag>exithandler</Tag>
          <Memory>542482432</Memory>
        </MemoryCapture>
      </MemoryCaptures>
    </RecipeData>
    <RecipeData>
      <Barcode>0085541632</Barcode>
      <RecipeName>NS_BRD_4G</RecipeName>
      <MemoryCaptures>
        <MemoryCapture>
          <Tag>EntryHandler</Tag>
          <Memory>541437952</Memory>
        </MemoryCapture>
        <MemoryCapture>
          <Tag>exithandler</Tag>
          <Memory>543375360</Memory>
        </MemoryCapture>
      </MemoryCaptures>
    </RecipeData>
    <RecipeData>
      <Barcode>0085505124</Barcode>
      <RecipeName>NS_BRD_4G</RecipeName>
      <MemoryCaptures>
        <MemoryCapture>
          <Tag>EntryHandler</Tag>
          <Memory>535912448</Memory>
        </MemoryCapture>
        <MemoryCapture>
          <Tag>exithandler</Tag>
          <Memory>542650368</Memory>
        </MemoryCapture>
      </MemoryCaptures>
    </RecipeData>
    <RecipeData>
      <Barcode>0085544330</Barcode>
      <RecipeName>NS_BRD_4G</RecipeName>
      <MemoryCaptures>
        <MemoryCapture>
          <Tag>EntryHandler</Tag>
          <Memory>541736960</Memory>
        </MemoryCapture>
      </MemoryCaptures>
    </RecipeData>
  </RecipeDatas>
</ResourceHistory>