<?xml version="1.0" encoding="utf-8"?>
<ResourceHistory xmlns:xsi="http://www.w3.org/2001/XMLSchema-instance" xmlns:xsd="http://www.w3.org/2001/XMLSchema">
  <StationName>PB01F1T06-BT002A</StationName>
  <RecipeDatas>
    <RecipeData>
      <Barcode>0085529360</Barcode>
      <RecipeName>NS_BRD_4G</RecipeName>
      <MemoryCaptures>
        <MemoryCapture>
          <Tag>EntryHandler</Tag>
          <Memory>254722048</Memory>
        </MemoryCapture>
        <MemoryCapture>
          <Tag>exithandler</Tag>
          <Memory>465928192</Memory>
        </MemoryCapture>
        <MemoryCapture>
          <Tag>exithandler</Tag>
          <Memory>466644992</Memory>
        </MemoryCapture>
      </MemoryCaptures>
    </RecipeData>
    <RecipeData>
      <Barcode>0085530036</Barcode>
      <RecipeName>NS_BRD_4G</RecipeName>
      <MemoryCaptures>
        <MemoryCapture>
          <Tag>EntryHandler</Tag>
          <Memory>466616320</Memory>
        </MemoryCapture>
        <MemoryCapture>
          <Tag>exithandler</Tag>
          <Memory>487849984</Memory>
        </MemoryCapture>
      </MemoryCaptures>
    </RecipeData>
    <RecipeData>
      <Barcode>0085530314</Barcode>
      <RecipeName>NS_BRD_4G</RecipeName>
      <MemoryCaptures>
        <MemoryCapture>
          <Tag>EntryHandler</Tag>
          <Memory>484052992</Memory>
        </MemoryCapture>
        <MemoryCapture>
          <Tag>exithandler</Tag>
          <Memory>552296448</Memory>
        </MemoryCapture>
      </MemoryCaptures>
    </RecipeData>
    <RecipeData>
      <Barcode>0085530384</Barcode>
      <RecipeName>NS_BRD_4G</RecipeName>
      <MemoryCaptures>
        <MemoryCapture>
          <Tag>EntryHandler</Tag>
          <Memory>573677568</Memory>
        </MemoryCapture>
        <MemoryCapture>
          <Tag>exithandler</Tag>
          <Memory>591503360</Memory>
        </MemoryCapture>
      </MemoryCaptures>
    </RecipeData>
    <RecipeData>
      <Barcode>0085530467</Barcode>
      <RecipeName>NS_BRD_4G</RecipeName>
      <MemoryCaptures>
        <MemoryCapture>
          <Tag>EntryHandler</Tag>
          <Memory>589385728</Memory>
        </MemoryCapture>
        <MemoryCapture>
          <Tag>exithandler</Tag>
          <Memory>579739648</Memory>
        </MemoryCapture>
      </MemoryCaptures>
    </RecipeData>
    <RecipeData>
      <Barcode>0085530137</Barcode>
      <RecipeName>NS_BRD_4G</RecipeName>
      <MemoryCaptures>
        <MemoryCapture>
          <Tag>EntryHandler</Tag>
          <Memory>578916352</Memory>
        </MemoryCapture>
        <MemoryCapture>
          <Tag>exithandler</Tag>
          <Memory>593334272</Memory>
        </MemoryCapture>
      </MemoryCaptures>
    </RecipeData>
    <RecipeData>
      <Barcode>0085531489</Barcode>
      <RecipeName>NS_BRD_4G</RecipeName>
      <MemoryCaptures>
        <MemoryCapture>
          <Tag>EntryHandler</Tag>
          <Memory>582725632</Memory>
        </MemoryCapture>
        <MemoryCapture>
          <Tag>exithandler</Tag>
          <Memory>596905984</Memory>
        </MemoryCapture>
      </MemoryCaptures>
    </RecipeData>
    <RecipeData>
      <Barcode>0085531196</Barcode>
      <RecipeName>NS_BRD_4G</RecipeName>
      <MemoryCaptures>
        <MemoryCapture>
          <Tag>EntryHandler</Tag>
          <Memory>595279872</Memory>
        </MemoryCapture>
        <MemoryCapture>
          <Tag>exithandler</Tag>
          <Memory>601350144</Memory>
        </MemoryCapture>
      </MemoryCaptures>
    </RecipeData>
    <RecipeData>
      <Barcode>0085530688</Barcode>
      <RecipeName>NS_BRD_4G</RecipeName>
      <MemoryCaptures>
        <MemoryCapture>
          <Tag>EntryHandler</Tag>
          <Memory>599633920</Memory>
        </MemoryCapture>
        <MemoryCapture>
          <Tag>exithandler</Tag>
          <Memory>597454848</Memory>
        </MemoryCapture>
      </MemoryCaptures>
    </RecipeData>
    <RecipeData>
      <Barcode>0085521132</Barcode>
      <RecipeName>NS_BRD_4G</RecipeName>
      <MemoryCaptures>
        <MemoryCapture>
          <Tag>EntryHandler</Tag>
          <Memory>595968000</Memory>
        </MemoryCapture>
        <MemoryCapture>
          <Tag>exithandler</Tag>
          <Memory>602939392</Memory>
        </MemoryCapture>
      </MemoryCaptures>
    </RecipeData>
    <RecipeData>
      <Barcode>0085530500</Barcode>
      <RecipeName>NS_BRD_4G</RecipeName>
      <MemoryCaptures>
        <MemoryCapture>
          <Tag>EntryHandler</Tag>
          <Memory>600211456</Memory>
        </MemoryCapture>
        <MemoryCapture>
          <Tag>exithandler</Tag>
          <Memory>602202112</Memory>
        </MemoryCapture>
      </MemoryCaptures>
    </RecipeData>
    <RecipeData>
      <Barcode>0085530268</Barcode>
      <RecipeName>NS_BRD_4G</RecipeName>
      <MemoryCaptures>
        <MemoryCapture>
          <Tag>EntryHandler</Tag>
          <Memory>599605248</Memory>
        </MemoryCapture>
        <MemoryCapture>
          <Tag>exithandler</Tag>
          <Memory>601063424</Memory>
        </MemoryCapture>
      </MemoryCaptures>
    </RecipeData>
    <RecipeData>
      <Barcode>0085532602</Barcode>
      <RecipeName>NS_BRD_4G</RecipeName>
      <MemoryCaptures>
        <MemoryCapture>
          <Tag>EntryHandler</Tag>
          <Memory>598159360</Memory>
        </MemoryCapture>
        <MemoryCapture>
          <Tag>exithandler</Tag>
          <Memory>601141248</Memory>
        </MemoryCapture>
      </MemoryCaptures>
    </RecipeData>
    <RecipeData>
      <Barcode>0085530848</Barcode>
      <RecipeName>NS_BRD_4G</RecipeName>
      <MemoryCaptures>
        <MemoryCapture>
          <Tag>EntryHandler</Tag>
          <Memory>599306240</Memory>
        </MemoryCapture>
        <MemoryCapture>
          <Tag>exithandler</Tag>
          <Memory>601542656</Memory>
        </MemoryCapture>
      </MemoryCaptures>
    </RecipeData>
    <RecipeData>
      <Barcode>0085532898</Barcode>
      <RecipeName>NS_BRD_4G</RecipeName>
      <MemoryCaptures>
        <MemoryCapture>
          <Tag>EntryHandler</Tag>
          <Memory>599138304</Memory>
        </MemoryCapture>
        <MemoryCapture>
          <Tag>exithandler</Tag>
          <Memory>606248960</Memory>
        </MemoryCapture>
      </MemoryCaptures>
    </RecipeData>
    <RecipeData>
      <Barcode>0085533326</Barcode>
      <RecipeName>NS_BRD_4G</RecipeName>
      <MemoryCaptures>
        <MemoryCapture>
          <Tag>EntryHandler</Tag>
          <Memory>603709440</Memory>
        </MemoryCapture>
        <MemoryCapture>
          <Tag>exithandler</Tag>
          <Memory>604631040</Memory>
        </MemoryCapture>
      </MemoryCaptures>
    </RecipeData>
    <RecipeData>
      <Barcode>0085532723</Barcode>
      <RecipeName>NS_BRD_4G</RecipeName>
      <MemoryCaptures>
        <MemoryCapture>
          <Tag>EntryHandler</Tag>
          <Memory>603856896</Memory>
        </MemoryCapture>
        <MemoryCapture>
          <Tag>exithandler</Tag>
          <Memory>625762304</Memory>
        </MemoryCapture>
      </MemoryCaptures>
    </RecipeData>
    <RecipeData>
      <Barcode>0085532840</Barcode>
      <RecipeName>NS_BRD_4G</RecipeName>
      <MemoryCaptures>
        <MemoryCapture>
          <Tag>EntryHandler</Tag>
          <Memory>625266688</Memory>
        </MemoryCapture>
        <MemoryCapture>
          <Tag>exithandler</Tag>
          <Memory>619102208</Memory>
        </MemoryCapture>
        <MemoryCapture>
          <Tag>exithandler</Tag>
          <Memory>650522624</Memory>
        </MemoryCapture>
      </MemoryCaptures>
    </RecipeData>
    <RecipeData>
      <Barcode>0085532689</Barcode>
      <RecipeName>NS_BRD_4G</RecipeName>
      <MemoryCaptures>
        <MemoryCapture>
          <Tag>EntryHandler</Tag>
          <Memory>649678848</Memory>
        </MemoryCapture>
        <MemoryCapture>
          <Tag>exithandler</Tag>
          <Memory>626315264</Memory>
        </MemoryCapture>
        <MemoryCapture>
          <Tag>exithandler</Tag>
          <Memory>627552256</Memory>
        </MemoryCapture>
      </MemoryCaptures>
    </RecipeData>
    <RecipeData>
      <Barcode>0085531702</Barcode>
      <RecipeName>NS_BRD_4G</RecipeName>
      <MemoryCaptures>
        <MemoryCapture>
          <Tag>EntryHandler</Tag>
          <Memory>628568064</Memory>
        </MemoryCapture>
        <MemoryCapture>
          <Tag>exithandler</Tag>
          <Memory>639356928</Memory>
        </MemoryCapture>
      </MemoryCaptures>
    </RecipeData>
    <RecipeData>
      <Barcode>0085532859</Barcode>
      <RecipeName>NS_BRD_4G</RecipeName>
      <MemoryCaptures>
        <MemoryCapture>
          <Tag>EntryHandler</Tag>
          <Memory>638750720</Memory>
        </MemoryCapture>
        <MemoryCapture>
          <Tag>exithandler</Tag>
          <Memory>608219136</Memory>
        </MemoryCapture>
      </MemoryCaptures>
    </RecipeData>
    <RecipeData>
      <Barcode>0085531755</Barcode>
      <RecipeName>NS_BRD_4G</RecipeName>
      <MemoryCaptures>
        <MemoryCapture>
          <Tag>EntryHandler</Tag>
          <Memory>607662080</Memory>
        </MemoryCapture>
        <MemoryCapture>
          <Tag>exithandler</Tag>
          <Memory>608972800</Memory>
        </MemoryCapture>
      </MemoryCaptures>
    </RecipeData>
    <RecipeData>
      <Barcode>0085532674</Barcode>
      <RecipeName>NS_BRD_4G</RecipeName>
      <MemoryCaptures>
        <MemoryCapture>
          <Tag>EntryHandler</Tag>
          <Memory>608526336</Memory>
        </MemoryCapture>
        <MemoryCapture>
          <Tag>exithandler</Tag>
          <Memory>608305152</Memory>
        </MemoryCapture>
      </MemoryCaptures>
    </RecipeData>
    <RecipeData>
      <Barcode>0085531990</Barcode>
      <RecipeName>NS_BRD_4G</RecipeName>
      <MemoryCaptures>
        <MemoryCapture>
          <Tag>EntryHandler</Tag>
          <Memory>607494144</Memory>
        </MemoryCapture>
        <MemoryCapture>
          <Tag>exithandler</Tag>
          <Memory>607711232</Memory>
        </MemoryCapture>
      </MemoryCaptures>
    </RecipeData>
    <RecipeData>
      <Barcode>0085533425</Barcode>
      <RecipeName>NS_BRD_4G</RecipeName>
      <MemoryCaptures>
        <MemoryCapture>
          <Tag>EntryHandler</Tag>
          <Memory>606408704</Memory>
        </MemoryCapture>
        <MemoryCapture>
          <Tag>exithandler</Tag>
          <Memory>609677312</Memory>
        </MemoryCapture>
      </MemoryCaptures>
    </RecipeData>
    <RecipeData>
      <Barcode>0085534135</Barcode>
      <RecipeName>NS_BRD_4G</RecipeName>
      <MemoryCaptures>
        <MemoryCapture>
          <Tag>EntryHandler</Tag>
          <Memory>609120256</Memory>
        </MemoryCapture>
        <MemoryCapture>
          <Tag>exithandler</Tag>
          <Memory>577531904</Memory>
        </MemoryCapture>
      </MemoryCaptures>
    </RecipeData>
    <RecipeData>
      <Barcode>0085533488</Barcode>
      <RecipeName>NS_BRD_4G</RecipeName>
      <MemoryCaptures>
        <MemoryCapture>
          <Tag>EntryHandler</Tag>
          <Memory>576700416</Memory>
        </MemoryCapture>
        <MemoryCapture>
          <Tag>exithandler</Tag>
          <Memory>598495232</Memory>
        </MemoryCapture>
      </MemoryCaptures>
    </RecipeData>
    <RecipeData>
      <Barcode>0085533961</Barcode>
      <RecipeName>NS_BRD_4G</RecipeName>
      <MemoryCaptures>
        <MemoryCapture>
          <Tag>EntryHandler</Tag>
          <Memory>597389312</Memory>
        </MemoryCapture>
        <MemoryCapture>
          <Tag>exithandler</Tag>
          <Memory>504524800</Memory>
        </MemoryCapture>
      </MemoryCaptures>
    </RecipeData>
    <RecipeData>
      <Barcode>0085533973</Barcode>
      <RecipeName>NS_BRD_4G</RecipeName>
      <MemoryCaptures>
        <MemoryCapture>
          <Tag>EntryHandler</Tag>
          <Memory>502992896</Memory>
        </MemoryCapture>
        <MemoryCapture>
          <Tag>exithandler</Tag>
          <Memory>606146560</Memory>
        </MemoryCapture>
      </MemoryCaptures>
    </RecipeData>
    <RecipeData>
      <Barcode>0085534288</Barcode>
      <RecipeName>NS_BRD_4G</RecipeName>
      <MemoryCaptures>
        <MemoryCapture>
          <Tag>EntryHandler</Tag>
          <Memory>605556736</Memory>
        </MemoryCapture>
        <MemoryCapture>
          <Tag>exithandler</Tag>
          <Memory>596025344</Memory>
        </MemoryCapture>
      </MemoryCaptures>
    </RecipeData>
    <RecipeData>
      <Barcode>0085533904</Barcode>
      <RecipeName>NS_BRD_4G</RecipeName>
      <MemoryCaptures>
        <MemoryCapture>
          <Tag>EntryHandler</Tag>
          <Memory>594001920</Memory>
        </MemoryCapture>
        <MemoryCapture>
          <Tag>exithandler</Tag>
          <Memory>606007296</Memory>
        </MemoryCapture>
      </MemoryCaptures>
    </RecipeData>
    <RecipeData>
      <Barcode>0085534673</Barcode>
      <RecipeName>NS_BRD_4G</RecipeName>
      <MemoryCaptures>
        <MemoryCapture>
          <Tag>EntryHandler</Tag>
          <Memory>603525120</Memory>
        </MemoryCapture>
        <MemoryCapture>
          <Tag>exithandler</Tag>
          <Memory>605167616</Memory>
        </MemoryCapture>
      </MemoryCaptures>
    </RecipeData>
    <RecipeData>
      <Barcode>0085532946</Barcode>
      <RecipeName>NS_BRD_4G</RecipeName>
      <MemoryCaptures>
        <MemoryCapture>
          <Tag>EntryHandler</Tag>
          <Memory>603467776</Memory>
        </MemoryCapture>
        <MemoryCapture>
          <Tag>exithandler</Tag>
          <Memory>603037696</Memory>
        </MemoryCapture>
      </MemoryCaptures>
    </RecipeData>
    <RecipeData>
      <Barcode>0085534386</Barcode>
      <RecipeName>NS_BRD_4G</RecipeName>
      <MemoryCaptures>
        <MemoryCapture>
          <Tag>EntryHandler</Tag>
          <Memory>602144768</Memory>
        </MemoryCapture>
        <MemoryCapture>
          <Tag>exithandler</Tag>
          <Memory>507527168</Memory>
        </MemoryCapture>
      </MemoryCaptures>
    </RecipeData>
    <RecipeData>
      <Barcode>0085534550</Barcode>
      <RecipeName>NS_BRD_4G</RecipeName>
      <MemoryCaptures>
        <MemoryCapture>
          <Tag>EntryHandler</Tag>
          <Memory>506306560</Memory>
        </MemoryCapture>
        <MemoryCapture>
          <Tag>exithandler</Tag>
          <Memory>606089216</Memory>
        </MemoryCapture>
      </MemoryCaptures>
    </RecipeData>
    <RecipeData>
      <Barcode>0085534841</Barcode>
      <RecipeName>NS_BRD_4G</RecipeName>
      <MemoryCaptures>
        <MemoryCapture>
          <Tag>EntryHandler</Tag>
          <Memory>605216768</Memory>
        </MemoryCapture>
        <MemoryCapture>
          <Tag>exithandler</Tag>
          <Memory>605904896</Memory>
        </MemoryCapture>
      </MemoryCaptures>
    </RecipeData>
    <RecipeData>
      <Barcode>0085534842</Barcode>
      <RecipeName>NS_BRD_4G</RecipeName>
      <MemoryCaptures>
        <MemoryCapture>
          <Tag>EntryHandler</Tag>
          <Memory>605110272</Memory>
        </MemoryCapture>
        <MemoryCapture>
          <Tag>exithandler</Tag>
          <Memory>607133696</Memory>
        </MemoryCapture>
      </MemoryCaptures>
    </RecipeData>
    <RecipeData>
      <Barcode>0085532028</Barcode>
      <RecipeName>NS_BRD_4G</RecipeName>
      <MemoryCaptures>
        <MemoryCapture>
          <Tag>EntryHandler</Tag>
          <Memory>605716480</Memory>
        </MemoryCapture>
        <MemoryCapture>
          <Tag>exithandler</Tag>
          <Memory>606597120</Memory>
        </MemoryCapture>
      </MemoryCaptures>
    </RecipeData>
    <RecipeData>
      <Barcode>0085452343</Barcode>
      <RecipeName>NS_BRD_4G</RecipeName>
      <MemoryCaptures>
        <MemoryCapture>
          <Tag>EntryHandler</Tag>
          <Memory>597561344</Memory>
        </MemoryCapture>
        <MemoryCapture>
          <Tag>exithandler</Tag>
          <Memory>636772352</Memory>
        </MemoryCapture>
      </MemoryCaptures>
    </RecipeData>
    <RecipeData>
      <Barcode>0085535228</Barcode>
      <RecipeName>NS_BRD_4G</RecipeName>
      <MemoryCaptures>
        <MemoryCapture>
          <Tag>EntryHandler</Tag>
          <Memory>631726080</Memory>
        </MemoryCapture>
        <MemoryCapture>
          <Tag>exithandler</Tag>
          <Memory>610320384</Memory>
        </MemoryCapture>
      </MemoryCaptures>
    </RecipeData>
    <RecipeData>
      <Barcode>0085535184</Barcode>
      <RecipeName>NS_BRD_4G</RecipeName>
      <MemoryCaptures>
        <MemoryCapture>
          <Tag>EntryHandler</Tag>
          <Memory>607698944</Memory>
        </MemoryCapture>
        <MemoryCapture>
          <Tag>exithandler</Tag>
          <Memory>609964032</Memory>
        </MemoryCapture>
      </MemoryCaptures>
    </RecipeData>
    <RecipeData>
      <Barcode>0085535336</Barcode>
      <RecipeName>NS_BRD_4G</RecipeName>
      <MemoryCaptures>
        <MemoryCapture>
          <Tag>EntryHandler</Tag>
          <Memory>608325632</Memory>
        </MemoryCapture>
        <MemoryCapture>
          <Tag>exithandler</Tag>
          <Memory>607293440</Memory>
        </MemoryCapture>
      </MemoryCaptures>
    </RecipeData>
    <RecipeData>
      <Barcode>0085535618</Barcode>
      <RecipeName>NS_BRD_4G</RecipeName>
      <MemoryCaptures>
        <MemoryCapture>
          <Tag>EntryHandler</Tag>
          <Memory>606105600</Memory>
        </MemoryCapture>
        <MemoryCapture>
          <Tag>exithandler</Tag>
          <Memory>609038336</Memory>
        </MemoryCapture>
      </MemoryCaptures>
    </RecipeData>
    <RecipeData>
      <Barcode>0085535063</Barcode>
      <RecipeName>NS_BRD_4G</RecipeName>
      <MemoryCaptures>
        <MemoryCapture>
          <Tag>EntryHandler</Tag>
          <Memory>607723520</Memory>
        </MemoryCapture>
        <MemoryCapture>
          <Tag>exithandler</Tag>
          <Memory>608706560</Memory>
        </MemoryCapture>
      </MemoryCaptures>
    </RecipeData>
    <RecipeData>
      <Barcode>0085535660</Barcode>
      <RecipeName>NS_BRD_4G</RecipeName>
      <MemoryCaptures>
        <MemoryCapture>
          <Tag>EntryHandler</Tag>
          <Memory>608034816</Memory>
        </MemoryCapture>
        <MemoryCapture>
          <Tag>exithandler</Tag>
          <Memory>608989184</Memory>
        </MemoryCapture>
      </MemoryCaptures>
    </RecipeData>
    <RecipeData>
      <Barcode>0085536261</Barcode>
      <RecipeName>NS_BRD_4G</RecipeName>
      <MemoryCaptures>
        <MemoryCapture>
          <Tag>EntryHandler</Tag>
          <Memory>607805440</Memory>
        </MemoryCapture>
        <MemoryCapture>
          <Tag>exithandler</Tag>
          <Memory>604786688</Memory>
        </MemoryCapture>
      </MemoryCaptures>
    </RecipeData>
    <RecipeData>
      <Barcode>0085535399</Barcode>
      <RecipeName>NS_BRD_4G</RecipeName>
      <MemoryCaptures>
        <MemoryCapture>
          <Tag>EntryHandler</Tag>
          <Memory>603754496</Memory>
        </MemoryCapture>
        <MemoryCapture>
          <Tag>exithandler</Tag>
          <Memory>609116160</Memory>
        </MemoryCapture>
      </MemoryCaptures>
    </RecipeData>
    <RecipeData>
      <Barcode>0085536340</Barcode>
      <RecipeName>NS_BRD_4G</RecipeName>
      <MemoryCaptures>
        <MemoryCapture>
          <Tag>EntryHandler</Tag>
          <Memory>607424512</Memory>
        </MemoryCapture>
        <MemoryCapture>
          <Tag>exithandler</Tag>
          <Memory>607531008</Memory>
        </MemoryCapture>
      </MemoryCaptures>
    </RecipeData>
    <RecipeData>
      <Barcode>0085536449</Barcode>
      <RecipeName>NS_BRD_4G</RecipeName>
      <MemoryCaptures>
        <MemoryCapture>
          <Tag>EntryHandler</Tag>
          <Memory>606576640</Memory>
        </MemoryCapture>
        <MemoryCapture>
          <Tag>exithandler</Tag>
          <Memory>606404608</Memory>
        </MemoryCapture>
      </MemoryCaptures>
    </RecipeData>
    <RecipeData>
      <Barcode>0085536473</Barcode>
      <RecipeName>NS_BRD_4G</RecipeName>
      <MemoryCaptures>
        <MemoryCapture>
          <Tag>EntryHandler</Tag>
          <Memory>605155328</Memory>
        </MemoryCapture>
        <MemoryCapture>
          <Tag>exithandler</Tag>
          <Memory>607920128</Memory>
        </MemoryCapture>
      </MemoryCaptures>
    </RecipeData>
    <RecipeData>
      <Barcode>0085536898</Barcode>
      <RecipeName>NS_BRD_4G</RecipeName>
      <MemoryCaptures>
        <MemoryCapture>
          <Tag>EntryHandler</Tag>
          <Memory>607313920</Memory>
        </MemoryCapture>
        <MemoryCapture>
          <Tag>exithandler</Tag>
          <Memory>604078080</Memory>
        </MemoryCapture>
      </MemoryCaptures>
    </RecipeData>
    <RecipeData>
      <Barcode>0085537201</Barcode>
      <RecipeName>NS_BRD_4G</RecipeName>
      <MemoryCaptures>
        <MemoryCapture>
          <Tag>EntryHandler</Tag>
          <Memory>603045888</Memory>
        </MemoryCapture>
        <MemoryCapture>
          <Tag>exithandler</Tag>
          <Memory>606810112</Memory>
        </MemoryCapture>
      </MemoryCaptures>
    </RecipeData>
    <RecipeData>
      <Barcode>0085537300</Barcode>
      <RecipeName>NS_BRD_4G</RecipeName>
      <MemoryCaptures>
        <MemoryCapture>
          <Tag>EntryHandler</Tag>
          <Memory>606048256</Memory>
        </MemoryCapture>
        <MemoryCapture>
          <Tag>exithandler</Tag>
          <Memory>606920704</Memory>
        </MemoryCapture>
      </MemoryCaptures>
    </RecipeData>
    <RecipeData>
      <Barcode>0085537371</Barcode>
      <RecipeName>NS_BRD_4G</RecipeName>
      <MemoryCaptures>
        <MemoryCapture>
          <Tag>EntryHandler</Tag>
          <Memory>606220288</Memory>
        </MemoryCapture>
        <MemoryCapture>
          <Tag>exithandler</Tag>
          <Memory>610185216</Memory>
        </MemoryCapture>
      </MemoryCaptures>
    </RecipeData>
    <RecipeData>
      <Barcode>0085537142</Barcode>
      <RecipeName>NS_BRD_4G</RecipeName>
      <MemoryCaptures>
        <MemoryCapture>
          <Tag>EntryHandler</Tag>
          <Memory>608571392</Memory>
        </MemoryCapture>
        <MemoryCapture>
          <Tag>exithandler</Tag>
          <Memory>610811904</Memory>
        </MemoryCapture>
      </MemoryCaptures>
    </RecipeData>
    <RecipeData>
      <Barcode>0085537319</Barcode>
      <RecipeName>NS_BRD_4G</RecipeName>
      <MemoryCaptures>
        <MemoryCapture>
          <Tag>EntryHandler</Tag>
          <Memory>609230848</Memory>
        </MemoryCapture>
        <MemoryCapture>
          <Tag>exithandler</Tag>
          <Memory>514306048</Memory>
        </MemoryCapture>
      </MemoryCaptures>
    </RecipeData>
    <RecipeData>
      <Barcode>0085537612</Barcode>
      <RecipeName>NS_BRD_4G</RecipeName>
      <MemoryCaptures>
        <MemoryCapture>
          <Tag>EntryHandler</Tag>
          <Memory>513503232</Memory>
        </MemoryCapture>
        <MemoryCapture>
          <Tag>exithandler</Tag>
          <Memory>601894912</Memory>
        </MemoryCapture>
      </MemoryCaptures>
    </RecipeData>
    <RecipeData>
      <Barcode>0085537598</Barcode>
      <RecipeName>NS_BRD_4G</RecipeName>
      <MemoryCaptures>
        <MemoryCapture>
          <Tag>EntryHandler</Tag>
          <Memory>601034752</Memory>
        </MemoryCapture>
        <MemoryCapture>
          <Tag>exithandler</Tag>
          <Memory>609185792</Memory>
        </MemoryCapture>
      </MemoryCaptures>
    </RecipeData>
    <RecipeData>
      <Barcode>0085538053</Barcode>
      <RecipeName>NS_BRD_4G</RecipeName>
      <MemoryCaptures>
        <MemoryCapture>
          <Tag>EntryHandler</Tag>
          <Memory>608280576</Memory>
        </MemoryCapture>
        <MemoryCapture>
          <Tag>exithandler</Tag>
          <Memory>610115584</Memory>
        </MemoryCapture>
      </MemoryCaptures>
    </RecipeData>
    <RecipeData>
      <Barcode>0085537745</Barcode>
      <RecipeName>NS_BRD_4G</RecipeName>
      <MemoryCaptures>
        <MemoryCapture>
          <Tag>EntryHandler</Tag>
          <Memory>608604160</Memory>
        </MemoryCapture>
        <MemoryCapture>
          <Tag>exithandler</Tag>
          <Memory>610496512</Memory>
        </MemoryCapture>
      </MemoryCaptures>
    </RecipeData>
    <RecipeData>
      <Barcode>0085537555</Barcode>
      <RecipeName>NS_BRD_4G</RecipeName>
      <MemoryCaptures>
        <MemoryCapture>
          <Tag>EntryHandler</Tag>
          <Memory>609570816</Memory>
        </MemoryCapture>
        <MemoryCapture>
          <Tag>exithandler</Tag>
          <Memory>611835904</Memory>
        </MemoryCapture>
      </MemoryCaptures>
    </RecipeData>
    <RecipeData>
      <Barcode>0085538245</Barcode>
      <RecipeName>NS_BRD_4G</RecipeName>
      <MemoryCaptures>
        <MemoryCapture>
          <Tag>EntryHandler</Tag>
          <Memory>610996224</Memory>
        </MemoryCapture>
        <MemoryCapture>
          <Tag>exithandler</Tag>
          <Memory>608989184</Memory>
        </MemoryCapture>
      </MemoryCaptures>
    </RecipeData>
    <RecipeData>
      <Barcode>0085537992</Barcode>
      <RecipeName>NS_BRD_4G</RecipeName>
      <MemoryCaptures>
        <MemoryCapture>
          <Tag>EntryHandler</Tag>
          <Memory>608407552</Memory>
        </MemoryCapture>
        <MemoryCapture>
          <Tag>exithandler</Tag>
          <Memory>609705984</Memory>
        </MemoryCapture>
      </MemoryCaptures>
    </RecipeData>
    <RecipeData>
      <Barcode>0085538865</Barcode>
      <RecipeName>NS_BRD_4G</RecipeName>
      <MemoryCaptures>
        <MemoryCapture>
          <Tag>EntryHandler</Tag>
          <Memory>601198592</Memory>
        </MemoryCapture>
        <MemoryCapture>
          <Tag>exithandler</Tag>
          <Memory>600805376</Memory>
        </MemoryCapture>
      </MemoryCaptures>
    </RecipeData>
    <RecipeData>
      <Barcode>0085486960</Barcode>
      <RecipeName>NS_BRD_4G</RecipeName>
      <MemoryCaptures>
        <MemoryCapture>
          <Tag>EntryHandler</Tag>
          <Memory>506839040</Memory>
        </MemoryCapture>
        <MemoryCapture>
          <Tag>exithandler</Tag>
          <Memory>601169920</Memory>
        </MemoryCapture>
      </MemoryCaptures>
    </RecipeData>
    <RecipeData>
      <Barcode>0085538480</Barcode>
      <RecipeName>NS_BRD_4G</RecipeName>
      <MemoryCaptures>
        <MemoryCapture>
          <Tag>EntryHandler</Tag>
          <Memory>514129920</Memory>
        </MemoryCapture>
        <MemoryCapture>
          <Tag>exithandler</Tag>
          <Memory>539713536</Memory>
        </MemoryCapture>
      </MemoryCaptures>
    </RecipeData>
    <RecipeData>
      <Barcode>0085538639</Barcode>
      <RecipeName>NS_BRD_4G</RecipeName>
      <MemoryCaptures>
        <MemoryCapture>
          <Tag>EntryHandler</Tag>
          <Memory>538963968</Memory>
        </MemoryCapture>
        <MemoryCapture>
          <Tag>exithandler</Tag>
          <Memory>537653248</Memory>
        </MemoryCapture>
      </MemoryCaptures>
    </RecipeData>
    <RecipeData>
      <Barcode>0085538905</Barcode>
      <RecipeName>NS_BRD_4G</RecipeName>
      <MemoryCaptures>
        <MemoryCapture>
          <Tag>EntryHandler</Tag>
          <Memory>536907776</Memory>
        </MemoryCapture>
        <MemoryCapture>
          <Tag>exithandler</Tag>
          <Memory>542101504</Memory>
        </MemoryCapture>
      </MemoryCaptures>
    </RecipeData>
    <RecipeData>
      <Barcode>0085539118</Barcode>
      <RecipeName>NS_BRD_4G</RecipeName>
      <MemoryCaptures>
        <MemoryCapture>
          <Tag>EntryHandler</Tag>
          <Memory>540758016</Memory>
        </MemoryCapture>
        <MemoryCapture>
          <Tag>exithandler</Tag>
          <Memory>443244544</Memory>
        </MemoryCapture>
      </MemoryCaptures>
    </RecipeData>
    <RecipeData>
      <Barcode>0085539132</Barcode>
      <RecipeName>NS_BRD_4G</RecipeName>
      <MemoryCaptures>
        <MemoryCapture>
          <Tag>EntryHandler</Tag>
          <Memory>442322944</Memory>
        </MemoryCapture>
        <MemoryCapture>
          <Tag>exithandler</Tag>
          <Memory>540778496</Memory>
        </MemoryCapture>
      </MemoryCaptures>
    </RecipeData>
    <RecipeData>
      <Barcode>0085539149</Barcode>
      <RecipeName>NS_BRD_4G</RecipeName>
      <MemoryCaptures>
        <MemoryCapture>
          <Tag>EntryHandler</Tag>
          <Memory>539013120</Memory>
        </MemoryCapture>
        <MemoryCapture>
          <Tag>exithandler</Tag>
          <Memory>541085696</Memory>
        </MemoryCapture>
      </MemoryCaptures>
    </RecipeData>
    <RecipeData>
      <Barcode>0085540157</Barcode>
      <RecipeName>NS_BRD_4G</RecipeName>
      <MemoryCaptures>
        <MemoryCapture>
          <Tag>EntryHandler</Tag>
          <Memory>532586496</Memory>
        </MemoryCapture>
        <MemoryCapture>
          <Tag>exithandler</Tag>
          <Memory>538177536</Memory>
        </MemoryCapture>
      </MemoryCaptures>
    </RecipeData>
    <RecipeData>
      <Barcode>0085539959</Barcode>
      <RecipeName>NS_BRD_4G</RecipeName>
      <MemoryCaptures>
        <MemoryCapture>
          <Tag>EntryHandler</Tag>
          <Memory>537194496</Memory>
        </MemoryCapture>
        <MemoryCapture>
          <Tag>exithandler</Tag>
          <Memory>540925952</Memory>
        </MemoryCapture>
        <MemoryCapture>
          <Tag>exithandler</Tag>
          <Memory>574238720</Memory>
        </MemoryCapture>
      </MemoryCaptures>
    </RecipeData>
    <RecipeData>
      <Barcode>0085539941</Barcode>
      <RecipeName>NS_BRD_4G</RecipeName>
      <MemoryCaptures>
        <MemoryCapture>
          <Tag>EntryHandler</Tag>
          <Memory>573702144</Memory>
        </MemoryCapture>
        <MemoryCapture>
          <Tag>exithandler</Tag>
          <Memory>542937088</Memory>
        </MemoryCapture>
      </MemoryCaptures>
    </RecipeData>
    <RecipeData>
      <Barcode>0085539978</Barcode>
      <RecipeName>NS_BRD_4G</RecipeName>
      <MemoryCaptures>
        <MemoryCapture>
          <Tag>EntryHandler</Tag>
          <Memory>541986816</Memory>
        </MemoryCapture>
        <MemoryCapture>
          <Tag>exithandler</Tag>
          <Memory>540852224</Memory>
        </MemoryCapture>
      </MemoryCaptures>
    </RecipeData>
    <RecipeData>
      <Barcode>0085540235</Barcode>
      <RecipeName>NS_BRD_4G</RecipeName>
      <MemoryCaptures>
        <MemoryCapture>
          <Tag>EntryHandler</Tag>
          <Memory>539705344</Memory>
        </MemoryCapture>
        <MemoryCapture>
          <Tag>exithandler</Tag>
          <Memory>542203904</Memory>
        </MemoryCapture>
      </MemoryCaptures>
    </RecipeData>
    <RecipeData>
      <Barcode>0085540269</Barcode>
      <RecipeName>NS_BRD_4G</RecipeName>
      <MemoryCaptures>
        <MemoryCapture>
          <Tag>EntryHandler</Tag>
          <Memory>540299264</Memory>
        </MemoryCapture>
        <MemoryCapture>
          <Tag>exithandler</Tag>
          <Memory>540479488</Memory>
        </MemoryCapture>
      </MemoryCaptures>
    </RecipeData>
    <RecipeData>
      <Barcode>0085541603</Barcode>
      <RecipeName>NS_BRD_4G</RecipeName>
      <MemoryCaptures>
        <MemoryCapture>
          <Tag>EntryHandler</Tag>
          <Memory>539287552</Memory>
        </MemoryCapture>
        <MemoryCapture>
          <Tag>exithandler</Tag>
          <Memory>541130752</Memory>
        </MemoryCapture>
      </MemoryCaptures>
    </RecipeData>
    <RecipeData>
      <Barcode>0085540433</Barcode>
      <RecipeName>NS_BRD_4G</RecipeName>
      <MemoryCaptures>
        <MemoryCapture>
          <Tag>EntryHandler</Tag>
          <Memory>531931136</Memory>
        </MemoryCapture>
        <MemoryCapture>
          <Tag>exithandler</Tag>
          <Memory>540381184</Memory>
        </MemoryCapture>
      </MemoryCaptures>
    </RecipeData>
    <RecipeData>
      <Barcode>0085541846</Barcode>
      <RecipeName>NS_BRD_4G</RecipeName>
      <MemoryCaptures>
        <MemoryCapture>
          <Tag>EntryHandler</Tag>
          <Memory>539422720</Memory>
        </MemoryCapture>
        <MemoryCapture>
          <Tag>exithandler</Tag>
          <Memory>538910720</Memory>
        </MemoryCapture>
      </MemoryCaptures>
    </RecipeData>
    <RecipeData>
      <Barcode>0085541991</Barcode>
      <RecipeName>NS_BRD_4G</RecipeName>
      <MemoryCaptures>
        <MemoryCapture>
          <Tag>EntryHandler</Tag>
          <Memory>538107904</Memory>
        </MemoryCapture>
        <MemoryCapture>
          <Tag>exithandler</Tag>
          <Memory>542171136</Memory>
        </MemoryCapture>
      </MemoryCaptures>
    </RecipeData>
    <RecipeData>
      <Barcode>0085541884</Barcode>
      <RecipeName>NS_BRD_4G</RecipeName>
      <MemoryCaptures>
        <MemoryCapture>
          <Tag>EntryHandler</Tag>
          <Memory>541298688</Memory>
        </MemoryCapture>
        <MemoryCapture>
          <Tag>exithandler</Tag>
          <Memory>447090688</Memory>
        </MemoryCapture>
      </MemoryCaptures>
    </RecipeData>
    <RecipeData>
      <Barcode>0085542032</Barcode>
      <RecipeName>NS_BRD_4G</RecipeName>
      <MemoryCaptures>
        <MemoryCapture>
          <Tag>EntryHandler</Tag>
          <Memory>446124032</Memory>
        </MemoryCapture>
        <MemoryCapture>
          <Tag>exithandler</Tag>
          <Memory>540659712</Memory>
        </MemoryCapture>
      </MemoryCaptures>
    </RecipeData>
    <RecipeData>
      <Barcode>0085542214</Barcode>
      <RecipeName>NS_BRD_4G</RecipeName>
      <MemoryCaptures>
        <MemoryCapture>
          <Tag>EntryHandler</Tag>
          <Memory>540114944</Memory>
        </MemoryCapture>
        <MemoryCapture>
          <Tag>exithandler</Tag>
          <Memory>543383552</Memory>
        </MemoryCapture>
      </MemoryCaptures>
    </RecipeData>
    <RecipeData>
      <Barcode>0085542162</Barcode>
      <RecipeName>NS_BRD_4G</RecipeName>
      <MemoryCaptures>
        <MemoryCapture>
          <Tag>EntryHandler</Tag>
          <Memory>542466048</Memory>
        </MemoryCapture>
        <MemoryCapture>
          <Tag>exithandler</Tag>
          <Memory>541499392</Memory>
        </MemoryCapture>
      </MemoryCaptures>
    </RecipeData>
    <RecipeData>
      <Barcode>0085542391</Barcode>
      <RecipeName>NS_BRD_4G</RecipeName>
      <MemoryCaptures>
        <MemoryCapture>
          <Tag>EntryHandler</Tag>
          <Memory>540041216</Memory>
        </MemoryCapture>
        <MemoryCapture>
          <Tag>exithandler</Tag>
          <Memory>542150656</Memory>
        </MemoryCapture>
      </MemoryCaptures>
    </RecipeData>
    <RecipeData>
      <Barcode>0085542299</Barcode>
      <RecipeName>NS_BRD_4G</RecipeName>
      <MemoryCaptures>
        <MemoryCapture>
          <Tag>EntryHandler</Tag>
          <Memory>541224960</Memory>
        </MemoryCapture>
        <MemoryCapture>
          <Tag>exithandler</Tag>
          <Memory>542494720</Memory>
        </MemoryCapture>
      </MemoryCaptures>
    </RecipeData>
    <RecipeData>
      <Barcode>0085542476</Barcode>
      <RecipeName>NS_BRD_4G</RecipeName>
      <MemoryCaptures>
        <MemoryCapture>
          <Tag>EntryHandler</Tag>
          <Memory>541343744</Memory>
        </MemoryCapture>
        <MemoryCapture>
          <Tag>exithandler</Tag>
          <Memory>512274432</Memory>
        </MemoryCapture>
      </MemoryCaptures>
    </RecipeData>
    <RecipeData>
      <Barcode>0085542279</Barcode>
      <RecipeName>NS_BRD_4G</RecipeName>
      <MemoryCaptures>
        <MemoryCapture>
          <Tag>EntryHandler</Tag>
          <Memory>511410176</Memory>
        </MemoryCapture>
        <MemoryCapture>
          <Tag>exithandler</Tag>
          <Memory>539549696</Memory>
        </MemoryCapture>
      </MemoryCaptures>
    </RecipeData>
    <RecipeData>
      <Barcode>0085542365</Barcode>
      <RecipeName>NS_BRD_4G</RecipeName>
      <MemoryCaptures>
        <MemoryCapture>
          <Tag>EntryHandler</Tag>
          <Memory>538923008</Memory>
        </MemoryCapture>
        <MemoryCapture>
          <Tag>exithandler</Tag>
          <Memory>530706432</Memory>
        </MemoryCapture>
      </MemoryCaptures>
    </RecipeData>
    <RecipeData>
      <Barcode>0085542546</Barcode>
      <RecipeName>NS_BRD_4G</RecipeName>
      <MemoryCaptures>
        <MemoryCapture>
          <Tag>EntryHandler</Tag>
          <Memory>529760256</Memory>
        </MemoryCapture>
        <MemoryCapture>
          <Tag>exithandler</Tag>
          <Memory>539856896</Memory>
        </MemoryCapture>
      </MemoryCaptures>
    </RecipeData>
    <RecipeData>
      <Barcode>0085542181</Barcode>
      <RecipeName>NS_BRD_4G</RecipeName>
      <MemoryCaptures>
        <MemoryCapture>
          <Tag>EntryHandler</Tag>
          <Memory>530989056</Memory>
        </MemoryCapture>
        <MemoryCapture>
          <Tag>exithandler</Tag>
          <Memory>539373568</Memory>
        </MemoryCapture>
      </MemoryCaptures>
    </RecipeData>
    <RecipeData>
      <Barcode>0085542604</Barcode>
      <RecipeName>NS_BRD_4G</RecipeName>
      <MemoryCaptures>
        <MemoryCapture>
          <Tag>EntryHandler</Tag>
          <Memory>537739264</Memory>
        </MemoryCapture>
        <MemoryCapture>
          <Tag>exithandler</Tag>
          <Memory>539185152</Memory>
        </MemoryCapture>
      </MemoryCaptures>
    </RecipeData>
    <RecipeData>
      <Barcode>0085542709</Barcode>
      <RecipeName>NS_BRD_4G</RecipeName>
      <MemoryCaptures>
        <MemoryCapture>
          <Tag>EntryHandler</Tag>
          <Memory>537571328</Memory>
        </MemoryCapture>
        <MemoryCapture>
          <Tag>exithandler</Tag>
          <Memory>540086272</Memory>
        </MemoryCapture>
      </MemoryCaptures>
    </RecipeData>
    <RecipeData>
      <Barcode>0085542686</Barcode>
      <RecipeName>NS_BRD_4G</RecipeName>
      <MemoryCaptures>
        <MemoryCapture>
          <Tag>EntryHandler</Tag>
          <Memory>538656768</Memory>
        </MemoryCapture>
        <MemoryCapture>
          <Tag>exithandler</Tag>
          <Memory>539316224</Memory>
        </MemoryCapture>
      </MemoryCaptures>
    </RecipeData>
    <RecipeData>
      <Barcode>0085542854</Barcode>
      <RecipeName>NS_BRD_4G</RecipeName>
      <MemoryCaptures>
        <MemoryCapture>
          <Tag>EntryHandler</Tag>
          <Memory>538226688</Memory>
        </MemoryCapture>
        <MemoryCapture>
          <Tag>exithandler</Tag>
          <Memory>558972928</Memory>
        </MemoryCapture>
      </MemoryCaptures>
    </RecipeData>
    <RecipeData>
      <Barcode>0085542993</Barcode>
      <RecipeName>NS_BRD_4G</RecipeName>
      <MemoryCaptures>
        <MemoryCapture>
          <Tag>EntryHandler</Tag>
          <Memory>558575616</Memory>
        </MemoryCapture>
        <MemoryCapture>
          <Tag>exithandler</Tag>
          <Memory>552108032</Memory>
        </MemoryCapture>
      </MemoryCaptures>
    </RecipeData>
    <RecipeData>
      <Barcode>0085542819</Barcode>
      <RecipeName>NS_BRD_4G</RecipeName>
      <MemoryCaptures>
        <MemoryCapture>
          <Tag>EntryHandler</Tag>
          <Memory>551194624</Memory>
        </MemoryCapture>
        <MemoryCapture>
          <Tag>exithandler</Tag>
          <Memory>542560256</Memory>
        </MemoryCapture>
      </MemoryCaptures>
    </RecipeData>
    <RecipeData>
      <Barcode>0085542630</Barcode>
      <RecipeName>NS_BRD_4G</RecipeName>
      <MemoryCaptures>
        <MemoryCapture>
          <Tag>EntryHandler</Tag>
          <Memory>542339072</Memory>
        </MemoryCapture>
        <MemoryCapture>
          <Tag>exithandler</Tag>
          <Memory>549572608</Memory>
        </MemoryCapture>
      </MemoryCaptures>
    </RecipeData>
    <RecipeData>
      <Barcode>0085542994</Barcode>
      <RecipeName>NS_BRD_4G</RecipeName>
      <MemoryCaptures>
        <MemoryCapture>
          <Tag>EntryHandler</Tag>
          <Memory>548663296</Memory>
        </MemoryCapture>
        <MemoryCapture>
          <Tag>exithandler</Tag>
          <Memory>550617088</Memory>
        </MemoryCapture>
      </MemoryCaptures>
    </RecipeData>
    <RecipeData>
      <Barcode>0085542982</Barcode>
      <RecipeName>NS_BRD_4G</RecipeName>
      <MemoryCaptures>
        <MemoryCapture>
          <Tag>EntryHandler</Tag>
          <Memory>549838848</Memory>
        </MemoryCapture>
        <MemoryCapture>
          <Tag>exithandler</Tag>
          <Memory>570826752</Memory>
        </MemoryCapture>
      </MemoryCaptures>
    </RecipeData>
    <RecipeData>
      <Barcode>0085542629</Barcode>
      <RecipeName>NS_BRD_4G</RecipeName>
      <MemoryCaptures>
        <MemoryCapture>
          <Tag>EntryHandler</Tag>
          <Memory>571035648</Memory>
        </MemoryCapture>
        <MemoryCapture>
          <Tag>exithandler</Tag>
          <Memory>551723008</Memory>
        </MemoryCapture>
      </MemoryCaptures>
    </RecipeData>
    <RecipeData>
      <Barcode>0085543505</Barcode>
      <RecipeName>NS_BRD_4G</RecipeName>
      <MemoryCaptures>
        <MemoryCapture>
          <Tag>EntryHandler</Tag>
          <Memory>550494208</Memory>
        </MemoryCapture>
        <MemoryCapture>
          <Tag>exithandler</Tag>
          <Memory>554049536</Memory>
        </MemoryCapture>
      </MemoryCaptures>
    </RecipeData>
    <RecipeData>
      <Barcode>0085543163</Barcode>
      <RecipeName>NS_BRD_4G</RecipeName>
      <MemoryCaptures>
        <MemoryCapture>
          <Tag>EntryHandler</Tag>
          <Memory>553349120</Memory>
        </MemoryCapture>
        <MemoryCapture>
          <Tag>exithandler</Tag>
          <Memory>553066496</Memory>
        </MemoryCapture>
      </MemoryCaptures>
    </RecipeData>
    <RecipeData>
      <Barcode>0085543440</Barcode>
      <RecipeName>NS_BRD_4G</RecipeName>
      <MemoryCaptures>
        <MemoryCapture>
          <Tag>EntryHandler</Tag>
          <Memory>552050688</Memory>
        </MemoryCapture>
        <MemoryCapture>
          <Tag>exithandler</Tag>
          <Memory>551628800</Memory>
        </MemoryCapture>
      </MemoryCaptures>
    </RecipeData>
    <RecipeData>
      <Barcode>0085543876</Barcode>
      <RecipeName>NS_BRD_4G</RecipeName>
      <MemoryCaptures>
        <MemoryCapture>
          <Tag>EntryHandler</Tag>
          <Memory>550121472</Memory>
        </MemoryCapture>
        <MemoryCapture>
          <Tag>exithandler</Tag>
          <Memory>552419328</Memory>
        </MemoryCapture>
      </MemoryCaptures>
    </RecipeData>
    <RecipeData>
      <Barcode>0085543601</Barcode>
      <RecipeName>NS_BRD_4G</RecipeName>
      <MemoryCaptures>
        <MemoryCapture>
          <Tag>EntryHandler</Tag>
          <Memory>551399424</Memory>
        </MemoryCapture>
        <MemoryCapture>
          <Tag>exithandler</Tag>
          <Memory>548843520</Memory>
        </MemoryCapture>
      </MemoryCaptures>
    </RecipeData>
    <RecipeData>
      <Barcode>0085543935</Barcode>
      <RecipeName>NS_BRD_4G</RecipeName>
      <MemoryCaptures>
        <MemoryCapture>
          <Tag>EntryHandler</Tag>
          <Memory>547995648</Memory>
        </MemoryCapture>
        <MemoryCapture>
          <Tag>exithandler</Tag>
          <Memory>453660672</Memory>
        </MemoryCapture>
      </MemoryCaptures>
    </RecipeData>
    <RecipeData>
      <Barcode>0085544167</Barcode>
      <RecipeName>NS_BRD_4G</RecipeName>
      <MemoryCaptures>
        <MemoryCapture>
          <Tag>EntryHandler</Tag>
          <Memory>448679936</Memory>
        </MemoryCapture>
        <MemoryCapture>
          <Tag>exithandler</Tag>
          <Memory>552185856</Memory>
        </MemoryCapture>
      </MemoryCaptures>
    </RecipeData>
    <RecipeData>
      <Barcode>0085543520</Barcode>
      <RecipeName>NS_BRD_4G</RecipeName>
      <MemoryCaptures>
        <MemoryCapture>
          <Tag>EntryHandler</Tag>
          <Memory>550952960</Memory>
        </MemoryCapture>
        <MemoryCapture>
          <Tag>exithandler</Tag>
          <Memory>549961728</Memory>
        </MemoryCapture>
      </MemoryCaptures>
    </RecipeData>
    <RecipeData>
      <Barcode>0085544199</Barcode>
      <RecipeName>NS_BRD_4G</RecipeName>
      <MemoryCaptures>
        <MemoryCapture>
          <Tag>EntryHandler</Tag>
          <Memory>549052416</Memory>
        </MemoryCapture>
        <MemoryCapture>
          <Tag>exithandler</Tag>
          <Memory>552341504</Memory>
        </MemoryCapture>
      </MemoryCaptures>
    </RecipeData>
    <RecipeData>
      <Barcode>0085543173</Barcode>
      <RecipeName>NS_BRD_4G</RecipeName>
      <MemoryCaptures>
        <MemoryCapture>
          <Tag>EntryHandler</Tag>
          <Memory>551583744</Memory>
        </MemoryCapture>
        <MemoryCapture>
          <Tag>exithandler</Tag>
          <Memory>551780352</Memory>
        </MemoryCapture>
      </MemoryCaptures>
    </RecipeData>
    <RecipeData>
      <Barcode>0085543589</Barcode>
      <RecipeName>NS_BRD_4G</RecipeName>
      <MemoryCaptures>
        <MemoryCapture>
          <Tag>EntryHandler</Tag>
          <Memory>550862848</Memory>
        </MemoryCapture>
        <MemoryCapture>
          <Tag>exithandler</Tag>
          <Memory>551067648</Memory>
        </MemoryCapture>
      </MemoryCaptures>
    </RecipeData>
    <RecipeData>
      <Barcode>0085544232</Barcode>
      <RecipeName>NS_BRD_4G</RecipeName>
      <MemoryCaptures>
        <MemoryCapture>
          <Tag>EntryHandler</Tag>
          <Memory>550035456</Memory>
        </MemoryCapture>
        <MemoryCapture>
          <Tag>exithandler</Tag>
          <Memory>552091648</Memory>
        </MemoryCapture>
      </MemoryCaptures>
    </RecipeData>
    <RecipeData>
      <Barcode>0085544015</Barcode>
      <RecipeName>NS_BRD_4G</RecipeName>
      <MemoryCaptures>
        <MemoryCapture>
          <Tag>EntryHandler</Tag>
          <Memory>550498304</Memory>
        </MemoryCapture>
        <MemoryCapture>
          <Tag>exithandler</Tag>
          <Memory>542859264</Memory>
        </MemoryCapture>
      </MemoryCaptures>
    </RecipeData>
    <RecipeData>
      <Barcode>0085544142</Barcode>
      <RecipeName>NS_BRD_4G</RecipeName>
      <MemoryCaptures>
        <MemoryCapture>
          <Tag>EntryHandler</Tag>
          <Memory>542543872</Memory>
        </MemoryCapture>
        <MemoryCapture>
          <Tag>exithandler</Tag>
          <Memory>552390656</Memory>
        </MemoryCapture>
      </MemoryCaptures>
    </RecipeData>
    <RecipeData>
      <Barcode>0085544298</Barcode>
      <RecipeName>NS_BRD_4G</RecipeName>
      <MemoryCaptures>
        <MemoryCapture>
          <Tag>EntryHandler</Tag>
          <Memory>550977536</Memory>
        </MemoryCapture>
        <MemoryCapture>
          <Tag>exithandler</Tag>
          <Memory>545038336</Memory>
        </MemoryCapture>
      </MemoryCaptures>
    </RecipeData>
    <RecipeData>
      <Barcode>0085544293</Barcode>
      <RecipeName>NS_BRD_4G</RecipeName>
      <MemoryCaptures>
        <MemoryCapture>
          <Tag>EntryHandler</Tag>
          <Memory>543633408</Memory>
        </MemoryCapture>
        <MemoryCapture>
          <Tag>exithandler</Tag>
          <Memory>454021120</Memory>
        </MemoryCapture>
      </MemoryCaptures>
    </RecipeData>
    <RecipeData>
      <Barcode>0085545235</Barcode>
      <RecipeName>NS_BRD_4G</RecipeName>
      <MemoryCaptures>
        <MemoryCapture>
          <Tag>EntryHandler</Tag>
          <Memory>452259840</Memory>
        </MemoryCapture>
        <MemoryCapture>
          <Tag>exithandler</Tag>
          <Memory>552075264</Memory>
        </MemoryCapture>
      </MemoryCaptures>
    </RecipeData>
    <RecipeData>
      <Barcode>0085544753</Barcode>
      <RecipeName>NS_BRD_4G</RecipeName>
      <MemoryCaptures>
        <MemoryCapture>
          <Tag>EntryHandler</Tag>
          <Memory>543109120</Memory>
        </MemoryCapture>
        <MemoryCapture>
          <Tag>exithandler</Tag>
          <Memory>551337984</Memory>
        </MemoryCapture>
      </MemoryCaptures>
    </RecipeData>
    <RecipeData>
      <Barcode>0085545169</Barcode>
      <RecipeName>NS_BRD_4G</RecipeName>
      <MemoryCaptures>
        <MemoryCapture>
          <Tag>EntryHandler</Tag>
          <Memory>550371328</Memory>
        </MemoryCapture>
        <MemoryCapture>
          <Tag>exithandler</Tag>
          <Memory>551456768</Memory>
        </MemoryCapture>
      </MemoryCaptures>
    </RecipeData>
    <RecipeData>
      <Barcode>0085544445</Barcode>
      <RecipeName>NS_BRD_4G</RecipeName>
      <MemoryCaptures>
        <MemoryCapture>
          <Tag>EntryHandler</Tag>
          <Memory>542261248</Memory>
        </MemoryCapture>
        <MemoryCapture>
          <Tag>exithandler</Tag>
          <Memory>544608256</Memory>
        </MemoryCapture>
      </MemoryCaptures>
    </RecipeData>
    <RecipeData>
      <Barcode>0085545409</Barcode>
      <RecipeName>NS_BRD_4G</RecipeName>
      <MemoryCaptures>
        <MemoryCapture>
          <Tag>EntryHandler</Tag>
          <Memory>543879168</Memory>
        </MemoryCapture>
        <MemoryCapture>
          <Tag>exithandler</Tag>
          <Memory>553885696</Memory>
        </MemoryCapture>
      </MemoryCaptures>
    </RecipeData>
    <RecipeData>
      <Barcode>0085545265</Barcode>
      <RecipeName>NS_BRD_4G</RecipeName>
      <MemoryCaptures>
        <MemoryCapture>
          <Tag>EntryHandler</Tag>
          <Memory>553234432</Memory>
        </MemoryCapture>
        <MemoryCapture>
          <Tag>exithandler</Tag>
          <Memory>454025216</Memory>
        </MemoryCapture>
      </MemoryCaptures>
    </RecipeData>
    <RecipeData>
      <Barcode>0085545209</Barcode>
      <RecipeName>NS_BRD_4G</RecipeName>
      <MemoryCaptures>
        <MemoryCapture>
          <Tag>EntryHandler</Tag>
          <Memory>452120576</Memory>
        </MemoryCapture>
        <MemoryCapture>
          <Tag>exithandler</Tag>
          <Memory>553005056</Memory>
        </MemoryCapture>
      </MemoryCaptures>
    </RecipeData>
    <RecipeData>
      <Barcode>0085545696</Barcode>
      <RecipeName>NS_BRD_4G</RecipeName>
      <MemoryCaptures>
        <MemoryCapture>
          <Tag>EntryHandler</Tag>
          <Memory>552448000</Memory>
        </MemoryCapture>
        <MemoryCapture>
          <Tag>exithandler</Tag>
          <Memory>548401152</Memory>
        </MemoryCapture>
      </MemoryCaptures>
    </RecipeData>
    <RecipeData>
      <Barcode>0085545851</Barcode>
      <RecipeName>NS_BRD_4G</RecipeName>
      <MemoryCaptures>
        <MemoryCapture>
          <Tag>EntryHandler</Tag>
          <Memory>547561472</Memory>
        </MemoryCapture>
        <MemoryCapture>
          <Tag>exithandler</Tag>
          <Memory>554348544</Memory>
        </MemoryCapture>
      </MemoryCaptures>
    </RecipeData>
    <RecipeData>
      <Barcode>0085545782</Barcode>
      <RecipeName>NS_BRD_4G</RecipeName>
      <MemoryCaptures>
        <MemoryCapture>
          <Tag>EntryHandler</Tag>
          <Memory>553394176</Memory>
        </MemoryCapture>
        <MemoryCapture>
          <Tag>exithandler</Tag>
          <Memory>556666880</Memory>
        </MemoryCapture>
      </MemoryCaptures>
    </RecipeData>
  </RecipeDatas>
</ResourceHistory>